{"schema":5,"addons":[{"id":"addon@darkreader.org","icons":{"32":"https://addons.cdn.mozilla.net/user-media/addon_icons/855/855413-32.png?modified=7a53288d","64":"https://addons.cdn.mozilla.net/user-media/addon_icons/855/855413-64.png?modified=7a53288d","128":"https://addons.cdn.mozilla.net/user-media/addon_icons/855/855413-128.png?modified=7a53288d"},"name":"Dark Reader","version":"4.7.9","sourceURI":"https://addons.mozilla.org/firefox/downloads/file/1720518/dark_reader-4.7.9-an+fx.xpi?src=","homepageURL":"http://darkreader.org/","supportURL":"https://github.com/darkreader/darkreader","description":"Тёмная тема для каждого сайта. Берегите зрение, используйте Дарк Ридер для ночного или ежедневного просмотра веб-страниц.","fullDescription":"Это расширение переводит браузер в ночной режим. Дарк Ридер заменяет светлый фон тёмным, что снижает усталость глаз при долгой работе за компьютером либо при просмотре веб-страниц ночью.\n\nИмеется возможность настраивать яркость, контрастность, шрифт, режим инверсии, режим наложения жёлтого фильтра (сепия).\n\nDark Reader не встраивает рекламу и не собирает пользовательские данные. Весь исходный код открыт https://github.com/darkreader/darkreader\n\nПеред установкой отключите подобные расширения. Приятного просмотра!","weeklyDownloads":13272,"type":"extension","creator":{"name":"Aliaksandr Shutau","url":"https://addons.mozilla.org/ru/firefox/user/13299734/"},"developers":[],"screenshots":[{"url":"https://addons.cdn.mozilla.net/user-media/previews/full/201/201069.png?modified=1545252760","width":2400,"height":1500,"thumbnailURL":"https://addons.cdn.mozilla.net/user-media/previews/thumbs/201/201069.png?modified=1545252760","thumbnailWidth":640,"thumbnailHeight":400,"caption":"Dark Reader night theme mode"},{"url":"https://addons.cdn.mozilla.net/user-media/previews/full/201/201070.png?modified=1545252760","width":2400,"height":1500,"thumbnailURL":"https://addons.cdn.mozilla.net/user-media/previews/thumbs/201/201070.png?modified=1545252760","thumbnailWidth":640,"thumbnailHeight":400,"caption":"Dark Reader filter settings"}],"contributionURL":"https://opencollective.com/darkreader","averageRating":4.5117,"reviewCount":356,"reviewURL":"https://addons.mozilla.org/ru/firefox/addon/darkreader/reviews/","updateDate":1553412009000},{"id":"langpack-en-GB@firefox.mozilla.org","icons":{"32":"https://addons.cdn.mozilla.net/static/img/addon-icons/default-32.png","64":"https://addons.cdn.mozilla.net/static/img/addon-icons/default-64.png","128":"https://addons.cdn.mozilla.net/static/img/addon-icons/default-128.png"},"name":"English (GB) Language Pack","version":"66.0buildid20190409155332","sourceURI":"https://addons.mozilla.org/firefox/downloads/file/1737972/english_gb_language_pack-66.0buildid20190409155332-fx.xpi?src=","homepageURL":null,"supportURL":null,"description":"English (GB) Language Pack","fullDescription":null,"weeklyDownloads":4515,"type":"locale","creator":{"name":"Mozilla","url":"https://addons.mozilla.org/ru/firefox/user/4757633/"},"developers":[],"screenshots":[],"contributionURL":"","averageRating":3.3085,"reviewCount":175,"reviewURL":"https://addons.mozilla.org/ru/firefox/addon/english-gb-language-pack/reviews/","updateDate":1554841513000},{"id":"jid1-o2qEVrZ4t5FJWu@jetpack","icons":{"32":"https://addons.cdn.mozilla.net/user-media/addon_icons/603/603480-32.png?modified=e2fa6b86","64":"https://addons.cdn.mozilla.net/user-media/addon_icons/603/603480-64.png?modified=e2fa6b86","128":"https://addons.cdn.mozilla.net/user-media/addon_icons/603/603480-128.png?modified=e2fa6b86"},"name":"Flash-HTML5 Player for YouTube™","version":"0.1.9","sourceURI":"https://addons.mozilla.org/firefox/downloads/file/969624/flash_html5_player_for_youtubetm-0.1.9-an+fx.xpi?src=","homepageURL":"http://mybrowseraddon.com/youtube-flash-html.html","supportURL":"http://mybrowseraddon.com/youtube-flash-html.html","description":"Play YouTube™ Videos in Flash or HTML5 Player","fullDescription":"YouTube™ Flash-HTML allows you to play YouTube Videos in Flash or HTML5 player.\n\nImportant Features:\n1. Allows you to play YouTube in Flash or HTML5 player.\n2. Easily switch the player type from toolbar popup.\n3. Flash player consumes less resources (i.e. CPU and RAM) and offers more resolution choices comparing to HTML5 Player.\n4. HTML5 player is useful when Adobe Flash is disabled by your company or school. Note: to enable HTML5 player you need to activate HTML5 from: https://www.youtube.com/html5\n\nNote 1: To enable HTML5 player you need to activate HTML5 from: https://www.youtube.com/html5\n\nNote 2: In order to report Bugs, please visit Addon's Homepage and fill the Bug report form.","weeklyDownloads":3239,"type":"extension","creator":{"name":"Allen","url":"https://addons.mozilla.org/ru/firefox/user/11630876/"},"developers":[],"screenshots":[{"url":"https://addons.cdn.mozilla.net/user-media/previews/full/192/192225.png?modified=1543520456","width":700,"height":517,"thumbnailURL":"https://addons.cdn.mozilla.net/user-media/previews/thumbs/192/192225.png?modified=1543520456","thumbnailWidth":640,"thumbnailHeight":473},{"url":"https://addons.cdn.mozilla.net/user-media/previews/full/156/156626.png?modified=1543520458","width":628,"height":525,"thumbnailURL":"https://addons.cdn.mozilla.net/user-media/previews/thumbs/156/156626.png?modified=1543520458","thumbnailWidth":574,"thumbnailHeight":480,"caption":"toolbar popup UI"},{"url":"https://addons.cdn.mozilla.net/user-media/previews/full/156/156628.png?modified=1543520459","width":700,"height":473,"thumbnailURL":"https://addons.cdn.mozilla.net/user-media/previews/thumbs/156/156628.png?modified=1543520459","thumbnailWidth":640,"thumbnailHeight":432},{"url":"https://addons.cdn.mozilla.net/user-media/previews/full/156/156630.png?modified=1543520461","width":700,"height":473,"thumbnailURL":"https://addons.cdn.mozilla.net/user-media/previews/thumbs/156/156630.png?modified=1543520461","thumbnailWidth":640,"thumbnailHeight":432}],"contributionURL":"","averageRating":4.08,"reviewCount":65,"reviewURL":"https://addons.mozilla.org/ru/firefox/addon/youtube-flash-html5/reviews/","updateDate":1535730789000},{"id":"chrome-gnome-shell@gnome.org","icons":{"32":"https://addons.cdn.mozilla.net/user-media/addon_icons/751/751081-32.png?modified=1521616823","64":"https://addons.cdn.mozilla.net/user-media/addon_icons/751/751081-64.png?modified=1521616823","128":"https://addons.cdn.mozilla.net/user-media/addon_icons/751/751081-128.png?modified=1521616823"},"name":"GNOME Shell integration","version":"10.1","sourceURI":"https://addons.mozilla.org/firefox/downloads/file/898030/gnome_shell_integration-10.1-an+fx-linux.xpi?src=","homepageURL":"https://wiki.gnome.org/Projects/GnomeShellIntegrationForChrome","supportURL":"https://bugzilla.gnome.org","description":"This extension provides integration with GNOME Shell and the corresponding extensions repository https://extensions.gnome.org","fullDescription":"Вы ДОЛЖНЫ установить нативный хост-коннектор для работы этого расширения веб-браузера.\n\nPKGBUILD для Arch Linux доступен в AUR: https://aur.archlinux.org/packages/chrome-gnome-shell-git\n\nДля Debian, Fedora, Gentoo и Ubuntu вы можете установить пакет «chrome-gnome-shell».\n\nВы также можете установить коннектор вручную. Инструкция по установке находится по адресу https://wiki.gnome.org/Projects/GnomeShellIntegrationForChrome/Installation/ru.","weeklyDownloads":2169,"type":"extension","creator":{"name":"Yuri Konotopov","url":"https://addons.mozilla.org/ru/firefox/user/12725919/"},"developers":[],"screenshots":[{"url":"https://addons.cdn.mozilla.net/user-media/previews/full/183/183915.png?modified=1543520728","width":700,"height":438,"thumbnailURL":"https://addons.cdn.mozilla.net/user-media/previews/thumbs/183/183915.png?modified=1543520728","thumbnailWidth":640,"thumbnailHeight":400}],"contributionURL":"","averageRating":4.2892,"reviewCount":45,"reviewURL":"https://addons.mozilla.org/ru/firefox/addon/gnome-shell-integration/reviews/","updateDate":1521613807000},{"id":"langpack-ru@firefox.mozilla.org","icons":{"32":"https://addons.cdn.mozilla.net/static/img/addon-icons/default-32.png","64":"https://addons.cdn.mozilla.net/static/img/addon-icons/default-64.png","128":"https://addons.cdn.mozilla.net/static/img/addon-icons/default-128.png"},"name":"Russian (RU) Language Pack","version":"66.0buildid20190409155332","sourceURI":"https://addons.mozilla.org/firefox/downloads/file/1737963/russian_ru_language_pack-66.0buildid20190409155332-fx.xpi?src=","homepageURL":null,"supportURL":null,"description":"Russian (RU) Language Pack","fullDescription":null,"weeklyDownloads":1217,"type":"locale","creator":{"name":"Mozilla","url":"https://addons.mozilla.org/ru/firefox/user/4757633/"},"developers":[],"screenshots":[],"contributionURL":"","averageRating":4.1288,"reviewCount":55,"reviewURL":"https://addons.mozilla.org/ru/firefox/addon/russian-ru-language-pack/reviews/","updateDate":1554841224000},{"id":"langpack-en-CA@firefox.mozilla.org","icons":{"32":"https://addons.cdn.mozilla.net/static/img/addon-icons/default-32.png","64":"https://addons.cdn.mozilla.net/static/img/addon-icons/default-64.png","128":"https://addons.cdn.mozilla.net/static/img/addon-icons/default-128.png"},"name":"English (CA) Language Pack","version":"66.0buildid20190409155332","sourceURI":"https://addons.mozilla.org/firefox/downloads/file/1737974/english_ca_language_pack-66.0buildid20190409155332-fx.xpi?src=","homepageURL":null,"supportURL":null,"description":"Language pack for Firefox for en-CA","fullDescription":null,"weeklyDownloads":288,"type":"locale","creator":{"name":"Mozilla","url":"https://addons.mozilla.org/ru/firefox/user/4757633/"},"developers":[],"screenshots":[],"contributionURL":"","averageRating":4.25,"reviewCount":0,"reviewURL":"https://addons.mozilla.org/ru/firefox/addon/english-ca-language-pack/reviews/","updateDate":1554841515000},{"id":"langpack-en-ZA@firefox.mozilla.org","icons":{"32":"https://addons.cdn.mozilla.net/user-media/addon_icons/6/6180-32.png?modified=1530706824","64":"https://addons.cdn.mozilla.net/user-media/addon_icons/6/6180-64.png?modified=1530706824","128":"https://addons.cdn.mozilla.net/user-media/addon_icons/6/6180-128.png?modified=1530706824"},"name":"English (South African) Language Pack","version":"66.0buildid20190409155332","sourceURI":"https://addons.mozilla.org/firefox/downloads/file/1737971/english_south_african_language_pack-66.0buildid20190409155332-fx.xpi?src=","homepageURL":"http://translate.org.za/content/view/15/31/lang,en/","supportURL":null,"description":"Adds South African English language support to the Firefox browser. All interfaces will be translated into South African English.","fullDescription":"Translation of the Firefox user interface into South African English by http://translate.org.za.\n\nIf you find missing translations or incorrect translations then visit http://pootle.translate.org.za and please contribute a correction.","weeklyDownloads":43,"type":"locale","creator":{"name":"Mozilla","url":"https://addons.mozilla.org/ru/firefox/user/4757633/"},"developers":[],"screenshots":[],"contributionURL":"","averageRating":2.7222,"reviewCount":11,"reviewURL":"https://addons.mozilla.org/ru/firefox/addon/english-south-african-language/reviews/","updateDate":1554841513000},{"id":"langpack-ach@firefox.mozilla.org","icons":{"32":"https://addons.cdn.mozilla.net/static/img/addon-icons/default-32.png","64":"https://addons.cdn.mozilla.net/static/img/addon-icons/default-64.png","128":"https://addons.cdn.mozilla.net/static/img/addon-icons/default-128.png"},"name":"Acholi (UG) Language Pack","version":"66.0buildid20190409155332","sourceURI":"https://addons.mozilla.org/firefox/downloads/file/1737977/acholi_ug_language_pack-66.0buildid20190409155332-fx.xpi?src=","homepageURL":null,"supportURL":null,"description":"Acholi (UG) Language Pack","fullDescription":null,"weeklyDownloads":22,"type":"locale","creator":{"name":"Mozilla","url":"https://addons.mozilla.org/ru/firefox/user/4757633/"},"developers":[],"screenshots":[],"contributionURL":"","averageRating":4.3182,"reviewCount":5,"reviewURL":"https://addons.mozilla.org/ru/firefox/addon/acholi-ug-language-pack/reviews/","updateDate":1554841518000}],"compatOverrides":[]}