{"schemaVersion":28,"addons":[{"id":"formautofill@mozilla.org","syncGUID":"{75e768d5-fb1a-4f0e-acbe-45c4a253eafb}","version":"1.0","type":"extension","loader":null,"updateURL":null,"optionsURL":null,"optionsType":null,"optionsBrowserStyle":true,"aboutURL":null,"defaultLocale":{"name":"Form Autofill","creator":null,"developers":null,"translators":null,"contributors":null},"visible":true,"active":true,"userDisabled":false,"appDisabled":false,"installDate":1520954873000,"updateDate":1548695468000,"applyBackgroundUpdates":1,"path":"/usr/lib/firefox/browser/features/formautofill@mozilla.org.xpi","skinnable":false,"sourceURI":null,"releaseNotesURI":null,"softDisabled":false,"foreignInstall":false,"strictCompatibility":true,"locales":[],"targetApplications":[{"id":"toolkit@mozilla.org","minVersion":null,"maxVersion":null}],"targetPlatforms":[],"seen":true,"dependencies":[],"userPermissions":{"permissions":[],"origins":[]},"icons":{},"iconURL":null,"blocklistState":0,"blocklistURL":null,"startupData":null,"hidden":true,"installTelemetryInfo":null,"location":"app-system-defaults"},{"id":"screenshots@mozilla.org","syncGUID":"{9143241f-6a6d-4372-926f-9039217f104c}","version":"35.0.0","type":"extension","loader":null,"updateURL":null,"optionsURL":null,"optionsType":null,"optionsBrowserStyle":true,"aboutURL":null,"defaultLocale":{"name":"Firefox Screenshots","description":"Take clips and screenshots from the Web and save them temporarily or permanently.","creator":"Mozilla <screenshots-feedback@mozilla.com>","homepageURL":"https://github.com/mozilla-services/screenshots","developers":null,"translators":null,"contributors":null},"visible":true,"active":true,"userDisabled":false,"appDisabled":false,"installDate":1520954873000,"updateDate":1548695468000,"applyBackgroundUpdates":1,"path":"/usr/lib/firefox/browser/features/screenshots@mozilla.org.xpi","skinnable":false,"sourceURI":null,"releaseNotesURI":null,"softDisabled":false,"foreignInstall":false,"strictCompatibility":true,"locales":[{"name":"Firefox Screenshots","description":"Take clips and screenshots from the Web and save them temporarily or permanently.","creator":"Mozilla <screenshots-feedback@mozilla.com>","homepageURL":"https://github.com/mozilla-services/screenshots","developers":null,"translators":null,"contributors":null,"locales":["en-US"]},{"name":"Firefox Screenshots","description":"Tee veebist klippe või ekraanipilte ning salvesta need ajutiselt või püsivalt.","creator":"Mozilla <screenshots-feedback@mozilla.com>","homepageURL":"https://github.com/mozilla-services/screenshots","developers":null,"translators":null,"contributors":null,"locales":["et"]},{"name":"Firefox Screenshots","description":"ウェブからスクリーンショットを撮って、一時的または永久にそれを保存しましょう。","creator":"Mozilla <screenshots-feedback@mozilla.com>","homepageURL":"https://github.com/mozilla-services/screenshots","developers":null,"translators":null,"contributors":null,"locales":["ja"]},{"name":"Firefox Screenshots","description":"Cymrwch clipiau a lluniau sgrin o'r We a'u cadw dros dro neu'n barhaol.","creator":"Mozilla <screenshots-feedback@mozilla.com>","homepageURL":"https://github.com/mozilla-services/screenshots","developers":null,"translators":null,"contributors":null,"locales":["cy"]},{"name":"Firefox Screenshots","description":"Wzejśo klipy a fota wobrazowki z weba a składujśo je nachylu abo na pśecej.","creator":"Mozilla <screenshots-feedback@mozilla.com>","homepageURL":"https://github.com/mozilla-services/screenshots","developers":null,"translators":null,"contributors":null,"locales":["dsb"]},{"name":"Firefox Screenshots","description":"Tire clipes e capturas de ecrã da Web e guarde-as temporariamente ou permanentemente.","creator":"Mozilla <screenshots-feedback@mozilla.com>","homepageURL":"https://github.com/mozilla-services/screenshots","developers":null,"translators":null,"contributors":null,"locales":["pt-PT"]},{"name":"Firefox Screenshots","description":"Ta klipp og skjermbilder fra nettet og lagre de midlertidig eller permanent.","creator":"Mozilla <screenshots-feedback@mozilla.com>","homepageURL":"https://github.com/mozilla-services/screenshots","developers":null,"translators":null,"contributors":null,"locales":["nb-NO"]},{"name":"Firefox Screenshots","description":"Glac gearrthóga agus gabhálacha scáileáin ón Ghréasán agus sábháil iad, go sealadach nó go buan.","creator":"Mozilla <screenshots-feedback@mozilla.com>","homepageURL":"https://github.com/mozilla-services/screenshots","developers":null,"translators":null,"contributors":null,"locales":["ga-IE"]},{"name":"Firefox Screenshots","description":"Take clips and screenshots from the Web and save them temporarily or permanently.","creator":"Mozilla <screenshots-feedback@mozilla.com>","homepageURL":"https://github.com/mozilla-services/screenshots","developers":null,"translators":null,"contributors":null,"locales":["ast"]},{"name":"Firefox Screenshots","description":"Effectuez des captures d’écran sur le Web et sauvegardez-les de manière temporaire ou permanente.","creator":"Mozilla <screenshots-feedback@mozilla.com>","homepageURL":"https://github.com/mozilla-services/screenshots","developers":null,"translators":null,"contributors":null,"locales":["fr"]},{"name":"Firefox Screenshots","description":"జాలం నుండి కత్తిరింపులను తెరపట్లను తీసుకొని, వాటిని తాత్కాలికంగా లేదా శాశ్వతంగా భద్రపరచకోండి.","creator":"Mozilla <screenshots-feedback@mozilla.com>","homepageURL":"https://github.com/mozilla-services/screenshots","developers":null,"translators":null,"contributors":null,"locales":["te"]},{"name":"Firefox Screenshots","description":"Dalhin ang clip at mga screenshot mula sa Web at i-save ang mga ito pansamantala o permanente.","creator":"Mozilla <screenshots-feedback@mozilla.com>","homepageURL":"https://github.com/mozilla-services/screenshots","developers":null,"translators":null,"contributors":null,"locales":["tl"]},{"name":"Firefox Screenshots","description":"Take clips and screenshots from the Web and save them temporarily or permanently.","creator":"Mozilla <screenshots-feedback@mozilla.com>","homepageURL":"https://github.com/mozilla-services/screenshots","developers":null,"translators":null,"contributors":null,"locales":["km"]},{"name":"Firefox Screenshots","description":"Прави клипове и снимки на уебстраница и ги запазва временно или за постоянно.","creator":"Mozilla <screenshots-feedback@mozilla.com>","homepageURL":"https://github.com/mozilla-services/screenshots","developers":null,"translators":null,"contributors":null,"locales":["bg"]},{"name":"Firefox Screenshots","description":"Rekam klip dan tangkapan layar dari Web dan simpan untuk sementara atau secara permanen.","creator":"Mozilla <screenshots-feedback@mozilla.com>","homepageURL":"https://github.com/mozilla-services/screenshots","developers":null,"translators":null,"contributors":null,"locales":["id"]},{"name":"Firefox Screenshots","description":"Hartu webetik pantaila-zatiak eta -argazkiak eta gorde aldi baterako edo behin betiko.","creator":"Mozilla <screenshots-feedback@mozilla.com>","homepageURL":"https://github.com/mozilla-services/screenshots","developers":null,"translators":null,"contributors":null,"locales":["eu"]},{"name":"Firefox Screenshots","description":"Pořizujte snímky webových stránek a ukládejte je dočasně nebo natrvalo.","creator":"Mozilla <screenshots-feedback@mozilla.com>","homepageURL":"https://github.com/mozilla-services/screenshots","developers":null,"translators":null,"contributors":null,"locales":["cs"]},{"name":"Firefox Screenshots","description":"વેબમાંથી ક્લિપ્સ અને સ્ક્રીનશૉટ્સ લો અને તેમને કામચલાઉ અથવા કાયમી રીતે સાચવો.","creator":"Mozilla<screenshots-feedback@mozilla.com>","homepageURL":"https://github.com/mozilla-services/screenshots","developers":null,"translators":null,"contributors":null,"locales":["gu-IN"]},{"name":"Firefox Screenshots","description":"Készítsen videoklipeket és képernyőképeket a webről, és mentse őket ideiglenesen vagy véglegesen.","creator":"Mozilla <screenshots-feedback@mozilla.com>","homepageURL":"https://github.com/mozilla-services/screenshots","developers":null,"translators":null,"contributors":null,"locales":["hu"]},{"name":"Firefox Screenshots","description":"Take clips and screenshots from the Web and save them temporarily or permanently.","creator":"Mozilla <screenshots-feedback@mozilla.com>","homepageURL":"https://github.com/mozilla-services/screenshots","developers":null,"translators":null,"contributors":null,"locales":["kn"]},{"name":"Firefox Screenshots","description":"Ke'achapa' silowachib'al chuqa' chapoj wachib'äl pan Ajk'amaya'l richin ye'ayäk.","creator":"Mozilla <screenshots-feedback@mozilla.com>","homepageURL":"https://github.com/mozilla-services/screenshots","developers":null,"translators":null,"contributors":null,"locales":["cak"]},{"name":"Firefox Screenshots","description":"Toma capturas de un sitio Web para guardarlas de forma temporal o permanentemente.","creator":"Mozilla <screenshots-feedback@mozilla.com>","homepageURL":"https://github.com/mozilla-services/screenshots","developers":null,"translators":null,"contributors":null,"locales":["es-CL"]},{"name":"Firefox Screenshots","description":"Робіть вирізки та знімки екрану в Інтернеті та зберігайте їх для подальшої роботи.","creator":"Mozilla <screenshots-feedback@mozilla.com>","homepageURL":"https://github.com/mozilla-services/screenshots","developers":null,"translators":null,"contributors":null,"locales":["uk"]},{"name":"Firefox Screenshots","description":"ویب سے کللبس یاا اسکرین شاٹیں لیں اور ان کو عارظی یا مستقل طور پر محفوظ کریں۔","creator":"Mozilla <screenshots-feedback@mozilla.com>","homepageURL":"https://github.com/mozilla-services/screenshots","developers":null,"translators":null,"contributors":null,"locales":["ur"]},{"name":"Firefox Screenshots","description":"Prenu eltondaĵon aŭ faru ekrankopiojn de retpaĝoj kaj konservu ilin ĉu daŭre ĉu provizore.","creator":"Mozilla <screenshots-feedback@mozilla.com>","homepageURL":"https://github.com/mozilla-services/screenshots","developers":null,"translators":null,"contributors":null,"locales":["eo"]},{"name":"Firefox Screenshots","description":"Take clips and screenshots from the Web and save them temporarily or permanently.","creator":"Mozilla <screenshots-feedback@mozilla.com>","homepageURL":"https://github.com/mozilla-services/screenshots","developers":null,"translators":null,"contributors":null,"locales":["si"]},{"name":"Firefox Screenshots","description":"Ta klipp och skärmbilder från webben och spara dem tillfälligt eller permanent.","creator":"Mozilla <screenshots-feedback@mozilla.com>","homepageURL":"https://github.com/mozilla-services/screenshots","developers":null,"translators":null,"contributors":null,"locales":["sv-SE"]},{"name":"Firefox Screenshots","description":"Ta klipp og skjermbilde frå nettet og lagre dei mellombels eller permanent.","creator":"Mozilla <screenshots-feedback@mozilla.com>","homepageURL":"https://github.com/mozilla-services/screenshots","developers":null,"translators":null,"contributors":null,"locales":["nn-NO"]},{"name":"Firefox Screenshots","description":"خذ مقاطع و لقطات من الوب و احفظهم مؤقتًا أو دائمًا.","creator":"موزيلا <screenshots-feedback@mozilla.com>","homepageURL":"https://github.com/mozilla-services/screenshots","developers":null,"translators":null,"contributors":null,"locales":["ar"]},{"name":"Firefox Screenshots","description":"Chụp ảnh và chụp màn hình từ Web và lưu chúng tạm thời hoặc vĩnh viễn.","creator":"Mozilla <screenshots-feedback@mozilla.com>","homepageURL":"https://github.com/mozilla-services/screenshots","developers":null,"translators":null,"contributors":null,"locales":["vi"]},{"name":"Firefox Screenshots","description":"Ƴettu kilip walla nattal yaynirde rewrude e geese, ndaɗndaa ɗum e mudda walla e ko duumii.","creator":"Mozilla <screenshots-feedback@mozilla.com>","homepageURL":"https://github.com/mozilla-services/screenshots","developers":null,"translators":null,"contributors":null,"locales":["ff"]},{"name":"Firefox Screenshots","description":"გადაუღეთ ვიდეოები და სურათები ვებგვერდებს და შეინახეთ დროებით, ან მუდმივად.","creator":"Mozilla <screenshots-feedback@mozilla.com>","homepageURL":"https://github.com/mozilla-services/screenshots","developers":null,"translators":null,"contributors":null,"locales":["ka"]},{"name":"Firefox Screenshots","description":"웹 페이지를 찍거나 영상으로 만들어 임시로, 혹은 영구히 보관하세요.","creator":"Mozilla <screenshots-feedback@mozilla.com>","homepageURL":"https://github.com/mozilla-services/screenshots","developers":null,"translators":null,"contributors":null,"locales":["ko"]},{"name":"Firefox Screenshots","description":"Tog cliopaichean is glacaidhean-sgrìn on lìon is sàbhail iad rè seal no gu buan.","creator":"Mozilla <screenshots-feedback@mozilla.com>","homepageURL":"https://github.com/mozilla-services/screenshots","developers":null,"translators":null,"contributors":null,"locales":["gd"]},{"name":"Firefox Screenshots","description":"Cattura schermate di contenuti sul Web e salvali, per un periodo di tempo limitato o in modo permanente.","creator":"Mozilla <screenshots-feedback@mozilla.com>","homepageURL":"https://github.com/mozilla-services/screenshots","developers":null,"translators":null,"contributors":null,"locales":["it"]},{"name":"Firefox Screenshots","description":"Internetdan lavha va skrinshotlar oling hamda ularni vaqtincha yoki butunlay saqlab oling.","creator":"Mozilla <screenshots-feedback@mozilla.com>","homepageURL":"https://github.com/mozilla-services/screenshots","developers":null,"translators":null,"contributors":null,"locales":["uz"]},{"name":"Firefox Screenshots","description":"Tomá imágenes y capturas de la web y guardalos temporal o permanentemente.","creator":"Mozilla <screenshots-feedback@mozilla.com>","homepageURL":"https://github.com/mozilla-services/screenshots","developers":null,"translators":null,"contributors":null,"locales":["es-AR"]},{"name":"Firefox Screenshots","description":"Darykite iškarpas ir ekrano nuotraukos su interneto turiniu bei saugokite jas laikinai arba visąlaik.","creator":"„Mozilla“ <screenshots-feedback@mozilla.com>","homepageURL":"https://github.com/mozilla-services/screenshots","developers":null,"translators":null,"contributors":null,"locales":["lt"]},{"name":"Firefox Screenshots","description":"Përftoni copëza dhe bëni foto në Web dhe ruajini ato përkohësisht ose përfundimisht.","creator":"Mozilla <screenshots-feedback@mozilla.com>","homepageURL":"https://github.com/mozilla-services/screenshots","developers":null,"translators":null,"contributors":null,"locales":["sq"]},{"name":"Firefox Screenshots","description":"Tomar clips y capturas de pantalla de la web y guardarlos temporalmente o permanentemente.","creator":"Mozilla <screenshots-feedback@mozilla.com>","homepageURL":"https://github.com/mozilla-services/screenshots","developers":null,"translators":null,"contributors":null,"locales":["es-MX"]},{"name":"Firefox Screenshots","description":"வலைபக்கங்களை நிரந்தரமாக (அ) தற்காலிகமாக துணுக்குகளாக (அ) திரைப்பிடிப்புகளாக சேமியுங்கள்.","creator":"மொசில்லா <screenshots-feedback@mozilla.com>","homepageURL":"https://github.com/mozilla-services/screenshots","developers":null,"translators":null,"contributors":null,"locales":["ta"]},{"name":"Firefox Screenshots","description":"Web səhifələrin ekran görüntülərini alın, müvəqqəti və ya qalıcı saxlayın.","creator":"Mozilla <screenshots-feedback@mozilla.com>","homepageURL":"https://github.com/mozilla-services/screenshots","developers":null,"translators":null,"contributors":null,"locales":["az"]},{"name":"Firefox Screenshots","description":"Земете исечоци и слики од Интернет и зачувајте ги привремено или трајно.","creator":"Mozilla <screenshots-feedback@mozilla.com>","homepageURL":"https://github.com/mozilla-services/screenshots","developers":null,"translators":null,"contributors":null,"locales":["mk"]},{"name":"Firefox Screenshots","description":"จับภาพหน้าจอจากเว็บและบันทึกไว้ชั่วคราวหรือถาวร","creator":"Mozilla <screenshots-feedback@mozilla.com>","homepageURL":"https://github.com/mozilla-services/screenshots","developers":null,"translators":null,"contributors":null,"locales":["th"]},{"name":"Firefox Screenshots","description":"Erstellen Sie Bildschirmfotos von vollständigen Webseiten oder Ausschnitten und speichern Sie diese temporär oder dauerhaft.","creator":"Mozilla <screenshots-feedback@mozilla.com>","homepageURL":"https://github.com/mozilla-services/screenshots","developers":null,"translators":null,"contributors":null,"locales":["de"]},{"name":"Firefox Screenshots","description":"Take clips and screenshots from the Web and save them temporarily or permanently.","creator":"Mozilla <screenshots-feedback@mozilla.com>","homepageURL":"https://github.com/mozilla-services/screenshots","developers":null,"translators":null,"contributors":null,"locales":["en-GB"]},{"name":"Firefox Screenshots","description":"वेबवरून क्लिप आणि स्क्रीनशॉट घ्या आणि त्यांना तात्पुरते किंवा कायमचे जतन करा.","creator":"Mozilla <screenshots-feedback@mozilla.com>","homepageURL":"https://github.com/mozilla-services/screenshots","developers":null,"translators":null,"contributors":null,"locales":["mr"]},{"name":"Firefox Screenshots","description":"Wzmiće klipy a fota wobrazowki z weba a składujće je nachwilu abo na přeco.","creator":"Mozilla <screenshots-feedback@mozilla.com>","homepageURL":"https://github.com/mozilla-services/screenshots","developers":null,"translators":null,"contributors":null,"locales":["hsb"]},{"name":"Firefox Screenshots","description":"ဝဘ်ထံမှ ဓါတ်ပုံများနှင့် မျက်နှာပြင်ပုံဖမ်းချက်များကို ရိုက်ယူပြီး ယာယီ သို့မဟုတ် အမြဲတမ်းသိုလှောင်ရာတွင် သိမ်းဆည်းပါ။","creator":"Mozilla <screenshots-feedback@mozilla.com>","homepageURL":"https://github.com/mozilla-services/screenshots","developers":null,"translators":null,"contributors":null,"locales":["my"]},{"name":"Firefox Screenshots","description":"Fai maletgs da visur dal web ed als memorisescha temporarmain u permanentamain.","creator":"Mozilla <screenshots-feedback@mozilla.com>","homepageURL":"https://github.com/mozilla-services/screenshots","developers":null,"translators":null,"contributors":null,"locales":["rm"]},{"name":"Firefox Screenshots","description":"Take clips and screenshots from the Web and save them temporarily or permanently.","creator":"Mozilla <screenshots-feedback@mozilla.com>","homepageURL":"https://github.com/mozilla-services/screenshots","developers":null,"translators":null,"contributors":null,"locales":["gl"]},{"name":"Firefox Screenshots","description":"ওয়েব থেকে ক্লিপ এবং স্ক্রিনশট নিন এবং সেগুলো সাময়িকভাবে বা স্থায়ীভাবে সংরক্ষণ করুন।","creator":"Mozilla <screenshots-feedback@mozilla.com>","homepageURL":"https://github.com/mozilla-services/screenshots","developers":null,"translators":null,"contributors":null,"locales":["bn-BD"]},{"name":"Firefox Screenshots","description":"Feu captures de pantalla de pàgines web i deseu-les temporalment o per sempre.","creator":"Mozilla <screenshots-feedback@mozilla.com>","homepageURL":"https://github.com/mozilla-services/screenshots","developers":null,"translators":null,"contributors":null,"locales":["ca"]},{"name":"Firefox Screenshots","description":"Meitsje skermôfdrukken of klips fan it web en bewarje se tydlik of permanint.","creator":"Mozilla <screenshots-feedback@mozilla.com>","homepageURL":"https://github.com/mozilla-services/screenshots","developers":null,"translators":null,"contributors":null,"locales":["fy-NL"]},{"name":"Firefox Screenshots","description":"Vytvorte si snímky obrazovky na webe a uložte si ich dočasne či navždy.","creator":"Mozilla <screenshots-feedback@mozilla.com>","homepageURL":"https://github.com/mozilla-services/screenshots","developers":null,"translators":null,"contributors":null,"locales":["sk"]},{"name":"Firefox Screenshots","description":"Take clips and screenshots from the Web and save them temporarily or permanently.","creator":"Mozilla <screenshots-feedback@mozilla.com>","homepageURL":"https://github.com/mozilla-services/screenshots","developers":null,"translators":null,"contributors":null,"locales":["mai"]},{"name":"Firefox Screenshots","description":"Бележите снимке екрана са веба и сачувајте их привремено или трајно.","creator":"Mozilla <screenshots-feedback@mozilla.com>","homepageURL":"https://github.com/mozilla-services/screenshots","developers":null,"translators":null,"contributors":null,"locales":["sr"]},{"name":"Firefox Screenshots","description":"از وب عکس بگیرید و کلیپ بسازید و به صورت موقت یا دایمی ذخیره کنید.","creator":"موزیلا <screenshots-feedback@mozilla.com>","homepageURL":"https://github.com/mozilla-services/screenshots","developers":null,"translators":null,"contributors":null,"locales":["fa"]},{"name":"Firefox Screenshots","description":"വെബിൽ നിന്ന് ക്ലിപ്പുകളും സ്ക്രീൻഷോട്ടുകളും എടുത്ത് അവ താൽക്കാലികമായോ അല്ലെങ്കിൽ സ്ഥിരമായോ സംരക്ഷിക്കുക.","creator":"മോസില്ല <screenshots-feedback@mozilla.com>","homepageURL":"https://github.com/mozilla-services/screenshots","developers":null,"translators":null,"contributors":null,"locales":["ml"]},{"name":"Firefox Screenshots","description":"Fanni de föto do schermo da-o Web e sarvale in mòddo tenporaneo ò cin mòddo che restan.","creator":"Mozilla <screenshots-feedback@mozilla.com>","homepageURL":"https://github.com/mozilla-services/screenshots","developers":null,"translators":null,"contributors":null,"locales":["lij"]},{"name":"Firefox Screenshots","description":"Ambil klip dan skrinsyot dari Web dan simpan untuk sementara waktu atau kekal.","creator":"Mozilla <screenshots-feedback@mozilla.com>","homepageURL":"https://github.com/mozilla-services/screenshots","developers":null,"translators":null,"contributors":null,"locales":["ms"]},{"name":"Firefox Screenshots","description":"Prende retalios video e instantaneos de schermo ab le Web e salva los temporarimente o permanentemente.","creator":"Mozilla <screenshots-feedback@mozilla.com>","homepageURL":"https://github.com/mozilla-services/screenshots","developers":null,"translators":null,"contributors":null,"locales":["ia"]},{"name":"Firefox Screenshots","description":"截取网页截图，可临时或永久存储。","creator":"Mozilla <screenshots-feedback@mozilla.com>","homepageURL":"https://github.com/mozilla-services/screenshots","developers":null,"translators":null,"contributors":null,"locales":["zh-CN"]},{"name":"Firefox Screenshots","description":"Делайте вырезки и скриншоты из Интернета и сохраняйте их временно или навсегда.","creator":"Mozilla <screenshots-feedback@mozilla.com>","homepageURL":"https://github.com/mozilla-services/screenshots","developers":null,"translators":null,"contributors":null,"locales":["ru"]},{"name":"Firefox Screenshots","description":"Tapit skeudennoù war ar Web hag enrollit anezho e-pad ur mare pe da viken.","creator":"Mozilla <screenshots-feedback@mozilla.com>","homepageURL":"https://github.com/mozilla-services/screenshots","developers":null,"translators":null,"contributors":null,"locales":["br"]},{"name":"Firefox Screenshots","description":"Twórz wycinki i zrzuty stron internetowych i zapisuj je tymczasowo lub trwale.","creator":"Mozilla <screenshots-feedback@mozilla.com>","homepageURL":"https://github.com/mozilla-services/screenshots","developers":null,"translators":null,"contributors":null,"locales":["pl"]},{"name":"Firefox Screenshots","description":"Ağ'dan tüyremeler ve ekran körüntilerini al ve olarnı muvaqqat yaki payidar olaraq saqla.","creator":"Mozilla <screenshots-feedback@mozilla.com>","homepageURL":"https://github.com/mozilla-services/screenshots","developers":null,"translators":null,"contributors":null,"locales":["crh"]},{"name":"Firefox Screenshots","description":"वेब से फ़ोटो और स्क्रीनशॉट लें और उन्हें अस्थायी या स्थायी रूप से सहेजें.","creator":"Mozilla <screenshots-feedback@mozilla.com>","homepageURL":"https://github.com/mozilla-services/screenshots","developers":null,"translators":null,"contributors":null,"locales":["hi-IN"]},{"name":"Firefox Screenshots","description":"ຖ່າຍຄຣິບ ແລະ ພາບຫນ້າຈໍຈາກຫນ້າເວັບ ແລ້ວບັນທຶກໄວ້ຊົ່ວຄາວ ຫລື ຖາວອນ.","creator":"Mozilla <screenshots-feedback@mozilla.com>","homepageURL":"https://github.com/mozilla-services/screenshots","developers":null,"translators":null,"contributors":null,"locales":["lo"]},{"name":"Firefox Screenshots","description":"Zajemajte posnetke zaslona s spleta ter jih shranite začasno ali trajno.","creator":"Mozilla <screenshots-feedback@mozilla.com>","homepageURL":"https://github.com/mozilla-services/screenshots","developers":null,"translators":null,"contributors":null,"locales":["sl"]},{"name":"Firefox Screenshots","description":"Snimite ili slikajte stvari s Weba te ih spremite privremeno ili trajno.","creator":"Mozilla <screenshots-feedback@mozilla.org>","homepageURL":"https://github.com/mozilla-services/screenshots","developers":null,"translators":null,"contributors":null,"locales":["hr"]},{"name":"Firefox Screenshots","description":"Ota leikkeitä ja kuvakaappauksia verkosta ja tallenna ne tilapäisesti tai pysyvästi.","creator":"Mozilla <screenshots-feedback@mozilla.com>","homepageURL":"https://github.com/mozilla-services/screenshots","developers":null,"translators":null,"contributors":null,"locales":["fi"]},{"name":"Firefox Screenshots","description":"Mak vidio ma ki ngolo macego cego ki cal me wang kio ki i Kakube ka igwok gi pi tutunu onyo matwal.","creator":"Mozilla <screenshots-feedback@mozilla.com>","homepageURL":"https://github.com/mozilla-services/screenshots","developers":null,"translators":null,"contributors":null,"locales":["ach"]},{"name":"Firefox Screenshots","description":"Интернеттен скриншоттарды түсіріп, оларды уақытша немесе тұрақты түрде сақтаңыз.","creator":"Mozilla <screenshots-feedback@mozilla.com>","homepageURL":"https://github.com/mozilla-services/screenshots","developers":null,"translators":null,"contributors":null,"locales":["kk"]},{"name":"Firefox Screenshots","description":"Рабіце кліпы і здымкі экрана ў Сеціве і захоўвайце іх часова або назаўжды.","creator":"Mozilla <screenshots-feedback@mozilla.com>","homepageURL":"https://github.com/mozilla-services/screenshots","developers":null,"translators":null,"contributors":null,"locales":["be"]},{"name":"Firefox Screenshots","description":"Realizează decupaje și capturi de ecran de pe web și salvează-le temporar sau permanent.","creator":"Mozilla <screenshots-feedback@mozilla.com>","homepageURL":"https://github.com/mozilla-services/screenshots","developers":null,"translators":null,"contributors":null,"locales":["ro"]},{"name":"Firefox Screenshots","description":"Snimite ili slikajte stvari s weba te ih sačuvajte privremeno ili trajno.","creator":"Mozilla <screenshots-feedback@mozilla.com>","homepageURL":"https://github.com/mozilla-services/screenshots","developers":null,"translators":null,"contributors":null,"locales":["bs"]},{"name":"Firefox Screenshots","description":"Enohẽ ta’anga ha japyhypy ñandutígui ha eñongatu sapy’aite térã areve.","creator":"Mozilla <screenshots-feedback@mozilla.com>","homepageURL":"https://github.com/mozilla-services/screenshots","developers":null,"translators":null,"contributors":null,"locales":["gn"]},{"name":"Firefox Screenshots","description":"Ṭṭef imrayen akked igdilen si Web sakin sekles-iten s wudem askudan neγ s wudem yezgan.","creator":"Mozilla <screenshots-feedback@mozilla.com>","homepageURL":"https://github.com/mozilla-services/screenshots","developers":null,"translators":null,"contributors":null,"locales":["kab"]},{"name":"Firefox Screenshots","description":"Take clips and screenshots from the Web and save them temporarily or permanently.","creator":"ਮੌਜ਼ੀਲਾ <screenshots-feedback@mozilla.com>","homepageURL":"https://github.com/mozilla-services/screenshots","developers":null,"translators":null,"contributors":null,"locales":["pa-IN"]},{"name":"Firefox Screenshots","description":"Πραγματοποιήστε λήψη στιγμιοτύπων από το Διαδίκτυο και αποθηκεύστε τα προσωρινά ή μόνιμα.","creator":"Mozilla <screenshots-feedback@mozilla.com>","homepageURL":"https://github.com/mozilla-services/screenshots","developers":null,"translators":null,"contributors":null,"locales":["el"]},{"name":"Firefox Screenshots","description":"Ստացեք հոլովակներ և էկրանի հանույթներ վեբից և պահպանեք դանք ժամանակավոր կամ մշտապես:","creator":"Mozilla <screenshots-feedback@mozilla.com>","homepageURL":"https://github.com/mozilla-services/screenshots","developers":null,"translators":null,"contributors":null,"locales":["hy-AM"]},{"name":"Firefox Screenshots","description":"Tire capturas de tela da Web e guarde-as temporariamente ou permanentemente.","creator":"Mozilla <screenshots-feedback@mozilla.com>","homepageURL":"https://github.com/mozilla-services/screenshots","developers":null,"translators":null,"contributors":null,"locales":["pt-BR"]},{"name":"Firefox Screenshots","description":"拍攝網頁的擷圖，可暫時儲存或永久儲存。","creator":"Mozilla <screenshots-feedback@mozilla.com>","homepageURL":"https://github.com/mozilla-services/screenshots","developers":null,"translators":null,"contributors":null,"locales":["zh-TW"]},{"name":"Firefox Screenshots","description":"יצירת צילומי מסך של דפי אינטרנט ושמירה שלהם באופן זמני או קבוע.","creator":"Mozilla <screenshots-feedback@mozilla.com>","homepageURL":"https://github.com/mozilla-services/screenshots","developers":null,"translators":null,"contributors":null,"locales":["he"]},{"name":"Firefox Screenshots","description":"Tag udklip og skærmbilleder fra nettet og gem dem midlertidigt eller permanent.","creator":"Mozilla <screenshots-feedback@mozilla.com>","homepageURL":"https://github.com/mozilla-services/screenshots","developers":null,"translators":null,"contributors":null,"locales":["da"]},{"name":"Firefox Screenshots","description":"Вэбээс авсан клип болон дэлгэцийн зургийг аваад тэдгээрийг түр эсвэл бүрмөсөн хадгал.","creator":"Mozilla <screenshots-feedback@mozilla.com>","homepageURL":"https://github.com/mozilla-services/screenshots","developers":null,"translators":null,"contributors":null,"locales":["mn"]},{"name":"Firefox Screenshots","description":"Web sayfalarının ekran görüntülerini alın, ister geçici ister kalıcı olarak kaydedin.","creator":"Mozilla <screenshots-feedback@mozilla.com>","homepageURL":"https://github.com/mozilla-services/screenshots","developers":null,"translators":null,"contributors":null,"locales":["tr"]},{"name":"Firefox Screenshots","description":"Take clips and screenshots from the Web and save them temporarily or permanently.","creator":"Mozilla <screenshots-feedback@mozilla.com>","homepageURL":"https://github.com/mozilla-services/screenshots","developers":null,"translators":null,"contributors":null,"locales":["en-CA"]},{"name":"Firefox Screenshots","description":"Haz capturas y recortes de la web y guárdalos temporal o permanentemente.","creator":"Mozilla <screenshots-feedback@mozilla.com>","homepageURL":"https://github.com/mozilla-services/screenshots","developers":null,"translators":null,"contributors":null,"locales":["es-ES"]},{"name":"Firefox Screenshots","description":"वेबबाट फोटो र सिक्रिनसट या क्लिपहरू लिएर क्षणिक वा सदाको लागि सङ्ग्रह गर्न ।","creator":"Mozilla <screenshots-feedback@mozilla.com>","homepageURL":"https://github.com/mozilla-services/screenshots","developers":null,"translators":null,"contributors":null,"locales":["ne-NP"]},{"name":"Firefox Screenshots","description":"Maak clips en schermafbeeldingen van het web en sla deze tijdelijk of permanent op.","creator":"Mozilla <screenshots-feedback@mozilla.com>","homepageURL":"https://github.com/mozilla-services/screenshots","developers":null,"translators":null,"contributors":null,"locales":["nl"]}],"targetApplications":[{"id":"toolkit@mozilla.org","minVersion":"57.0a1","maxVersion":null}],"targetPlatforms":[],"seen":true,"dependencies":[],"userPermissions":{"permissions":["activeTab","downloads","tabs","storage","notifications","clipboardWrite","contextMenus","mozillaAddons","telemetry"],"origins":["<all_urls>","https://screenshots.firefox.com/","resource://pdf.js/","about:reader*","https://screenshots.firefox.com/*"]},"icons":{"32":"icons/icon-v2.svg"},"iconURL":null,"blocklistState":0,"blocklistURL":null,"startupData":null,"hidden":true,"installTelemetryInfo":null,"location":"app-system-defaults"},{"id":"webcompat@mozilla.org","syncGUID":"{ddbb97a7-d1d7-4820-9991-27ba147470a6}","version":"3.0.0","type":"extension","loader":null,"updateURL":null,"optionsURL":null,"optionsType":null,"optionsBrowserStyle":true,"aboutURL":null,"defaultLocale":{"name":"Web Compat","description":"Urgent post-release fixes for web compatibility.","creator":null,"developers":null,"translators":null,"contributors":null},"visible":true,"active":true,"userDisabled":false,"appDisabled":false,"installDate":1520954873000,"updateDate":1548695468000,"applyBackgroundUpdates":1,"path":"/usr/lib/firefox/browser/features/webcompat@mozilla.org.xpi","skinnable":false,"sourceURI":null,"releaseNotesURI":null,"softDisabled":false,"foreignInstall":false,"strictCompatibility":true,"locales":[],"targetApplications":[{"id":"toolkit@mozilla.org","minVersion":"59.0b5","maxVersion":null}],"targetPlatforms":[],"seen":true,"dependencies":[],"userPermissions":{"permissions":["webRequest","webRequestBlocking"],"origins":["<all_urls>"]},"icons":{},"iconURL":null,"blocklistState":0,"blocklistURL":null,"startupData":null,"hidden":true,"installTelemetryInfo":null,"location":"app-system-defaults"},{"id":"webcompat-reporter@mozilla.org","syncGUID":"{c6e74dec-02ab-4aa6-8726-7a8cd9377cf7}","version":"1.1.0","type":"extension","loader":null,"updateURL":null,"optionsURL":null,"optionsType":null,"optionsBrowserStyle":true,"aboutURL":null,"defaultLocale":{"name":"WebCompat Reporter","description":"Report site compatibility issues on webcompat.com","creator":"Thomas Wisniewski <twisniewski@mozilla.com>","homepageURL":"https://github.com/mozilla/webcompat-reporter","developers":null,"translators":null,"contributors":null},"visible":true,"active":true,"userDisabled":false,"appDisabled":false,"installDate":1536855726000,"updateDate":1548695468000,"applyBackgroundUpdates":1,"path":"/usr/lib/firefox/browser/features/webcompat-reporter@mozilla.org.xpi","skinnable":false,"sourceURI":null,"releaseNotesURI":null,"softDisabled":false,"foreignInstall":false,"strictCompatibility":true,"locales":[],"targetApplications":[{"id":"toolkit@mozilla.org","minVersion":null,"maxVersion":null}],"targetPlatforms":[],"seen":true,"dependencies":[],"userPermissions":{"permissions":["tabs"],"origins":["<all_urls>"]},"icons":{"16":"icons/lightbulb.svg","32":"icons/lightbulb.svg","48":"icons/lightbulb.svg","96":"icons/lightbulb.svg","128":"icons/lightbulb.svg"},"iconURL":null,"blocklistState":0,"blocklistURL":null,"startupData":null,"hidden":true,"installTelemetryInfo":null,"location":"app-system-defaults"},{"id":"langpack-ru@firefox.mozilla.org","syncGUID":"{f3039d4c-a971-46ad-9b5e-a2b9e99f29a8}","version":"65.0","type":"locale","loader":null,"updateURL":null,"optionsURL":null,"optionsType":null,"optionsBrowserStyle":true,"aboutURL":null,"defaultLocale":{"name":"Russian (RU) Language Pack","description":"Language pack for Firefox for ru","creator":"Mozilla Russia (contributors: Александр Словесник)","developers":null,"translators":null,"contributors":null},"visible":true,"active":true,"userDisabled":false,"appDisabled":false,"installDate":1520895519000,"updateDate":1548695468000,"applyBackgroundUpdates":1,"path":"/usr/lib/firefox/browser/extensions/langpack-ru@firefox.mozilla.org.xpi","skinnable":false,"sourceURI":null,"releaseNotesURI":null,"softDisabled":false,"foreignInstall":true,"strictCompatibility":true,"locales":[],"targetApplications":[{"id":"toolkit@mozilla.org","minVersion":"65.0","maxVersion":"65.*"}],"targetPlatforms":[],"seen":true,"dependencies":[],"userPermissions":null,"icons":{},"iconURL":null,"blocklistState":0,"blocklistURL":null,"startupData":{"chromeEntries":[["locale","necko","ru","chrome/ru/locale/ru/necko/"],["locale","pdf.js","ru","browser/chrome/ru/locale/pdfviewer/"],["locale","global","ru","chrome/ru/locale/ru/global/"],["locale","devtools","ru","browser/chrome/ru/locale/ru/devtools/client/"],["locale","pipnss","ru","chrome/ru/locale/ru/pipnss/"],["locale","alerts","ru","chrome/ru/locale/ru/alerts/"],["locale","devtools-startup","ru","browser/chrome/ru/locale/ru/devtools/startup/"],["locale","branding","ru","browser/chrome/ru/locale/branding/"],["locale","autoconfig","ru","chrome/ru/locale/ru/autoconfig/"],["locale","devtools-shared","ru","browser/chrome/ru/locale/ru/devtools/shared/"],["locale","global-platform","ru","chrome/ru/locale/ru/global-platform/unix/"],["locale","browser-region","ru","browser/chrome/ru/locale/browser-region/"],["locale","mozapps","ru","chrome/ru/locale/ru/mozapps/"],["locale","pluginproblem","ru","chrome/ru/locale/ru/pluginproblem/"],["locale","formautofill","ru","browser/features/formautofill@mozilla.org/ru/locale/ru/"],["locale","weave","ru","chrome/ru/locale/ru/services/"],["locale","pocket","ru","browser/chrome/ru/locale/ru/"],["locale","places","ru","chrome/ru/locale/ru/places/"],["locale","passwordmgr","ru","chrome/ru/locale/ru/passwordmgr/"],["locale","pippki","ru","chrome/ru/locale/ru/pippki/"],["locale","webcompat-reporter","ru","browser/features/webcompat-reporter@mozilla.org/ru/locale/ru/"],["locale","browser","ru","browser/chrome/ru/locale/browser/"]],"langpackId":"langpack-ru-browser","l10nRegistrySources":{"toolkit":"","browser":"browser/"},"languages":["ru"]},"hidden":false,"installTelemetryInfo":null,"location":"app-global"},{"id":"langpack-en-CA@firefox.mozilla.org","syncGUID":"{0b6d5712-370f-4c2c-89d7-2a2573293c54}","version":"65.0","type":"locale","loader":null,"updateURL":null,"optionsURL":null,"optionsType":null,"optionsBrowserStyle":true,"aboutURL":null,"defaultLocale":{"name":"English (CA) Language Pack","description":"Language pack for Firefox for en-CA","creator":"mozilla.org","developers":null,"translators":null,"contributors":null},"visible":true,"active":true,"userDisabled":false,"appDisabled":false,"installDate":1536855726000,"updateDate":1548695468000,"applyBackgroundUpdates":1,"path":"/usr/lib/firefox/browser/extensions/langpack-en-CA@firefox.mozilla.org.xpi","skinnable":false,"sourceURI":null,"releaseNotesURI":null,"softDisabled":false,"foreignInstall":true,"strictCompatibility":true,"locales":[],"targetApplications":[{"id":"toolkit@mozilla.org","minVersion":"65.0","maxVersion":"65.*"}],"targetPlatforms":[],"seen":true,"dependencies":[],"userPermissions":null,"icons":{},"iconURL":null,"blocklistState":0,"blocklistURL":null,"startupData":{"chromeEntries":[["locale","necko","en-CA","chrome/en-CA/locale/en-CA/necko/"],["locale","pdf.js","en-CA","browser/chrome/en-CA/locale/pdfviewer/"],["locale","global","en-CA","chrome/en-CA/locale/en-CA/global/"],["locale","devtools","en-CA","browser/chrome/en-CA/locale/en-CA/devtools/client/"],["locale","pipnss","en-CA","chrome/en-CA/locale/en-CA/pipnss/"],["locale","alerts","en-CA","chrome/en-CA/locale/en-CA/alerts/"],["locale","devtools-startup","en-CA","browser/chrome/en-CA/locale/en-CA/devtools/startup/"],["locale","branding","en-CA","browser/chrome/en-CA/locale/branding/"],["locale","autoconfig","en-CA","chrome/en-CA/locale/en-CA/autoconfig/"],["locale","devtools-shared","en-CA","browser/chrome/en-CA/locale/en-CA/devtools/shared/"],["locale","global-platform","en-CA","chrome/en-CA/locale/en-CA/global-platform/unix/"],["locale","browser-region","en-CA","browser/chrome/en-CA/locale/browser-region/"],["locale","mozapps","en-CA","chrome/en-CA/locale/en-CA/mozapps/"],["locale","pluginproblem","en-CA","chrome/en-CA/locale/en-CA/pluginproblem/"],["locale","formautofill","en-CA","browser/features/formautofill@mozilla.org/en-CA/locale/en-CA/"],["locale","weave","en-CA","chrome/en-CA/locale/en-CA/services/"],["locale","pocket","en-CA","browser/chrome/en-CA/locale/en-CA/"],["locale","places","en-CA","chrome/en-CA/locale/en-CA/places/"],["locale","passwordmgr","en-CA","chrome/en-CA/locale/en-CA/passwordmgr/"],["locale","pippki","en-CA","chrome/en-CA/locale/en-CA/pippki/"],["locale","webcompat-reporter","en-CA","browser/features/webcompat-reporter@mozilla.org/en-CA/locale/en-CA/"],["locale","browser","en-CA","browser/chrome/en-CA/locale/browser/"]],"langpackId":"langpack-en-CA-browser","l10nRegistrySources":{"toolkit":"","browser":"browser/"},"languages":["en-CA"]},"hidden":false,"installTelemetryInfo":null,"location":"app-global"},{"id":"langpack-en-GB@firefox.mozilla.org","syncGUID":"{4bf5a703-1acb-493e-9bcf-d34dafd451a8}","version":"65.0","type":"locale","loader":null,"updateURL":null,"optionsURL":null,"optionsType":null,"optionsBrowserStyle":true,"aboutURL":null,"defaultLocale":{"name":"English (GB) Language Pack","description":"Language pack for Firefox for en-GB","creator":"Mark Tyndall (contributors: David Bartlett, Constantine Murenin, Ian Neal)","developers":null,"translators":null,"contributors":null},"visible":true,"active":true,"userDisabled":false,"appDisabled":false,"installDate":1536855726000,"updateDate":1548695468000,"applyBackgroundUpdates":1,"path":"/usr/lib/firefox/browser/extensions/langpack-en-GB@firefox.mozilla.org.xpi","skinnable":false,"sourceURI":null,"releaseNotesURI":null,"softDisabled":false,"foreignInstall":true,"strictCompatibility":true,"locales":[],"targetApplications":[{"id":"toolkit@mozilla.org","minVersion":"65.0","maxVersion":"65.*"}],"targetPlatforms":[],"seen":true,"dependencies":[],"userPermissions":null,"icons":{},"iconURL":null,"blocklistState":0,"blocklistURL":null,"startupData":{"chromeEntries":[["locale","necko","en-GB","chrome/en-GB/locale/en-GB/necko/"],["locale","pdf.js","en-GB","browser/chrome/en-GB/locale/pdfviewer/"],["locale","global","en-GB","chrome/en-GB/locale/en-GB/global/"],["locale","devtools","en-GB","browser/chrome/en-GB/locale/en-GB/devtools/client/"],["locale","pipnss","en-GB","chrome/en-GB/locale/en-GB/pipnss/"],["locale","alerts","en-GB","chrome/en-GB/locale/en-GB/alerts/"],["locale","devtools-startup","en-GB","browser/chrome/en-GB/locale/en-GB/devtools/startup/"],["locale","branding","en-GB","browser/chrome/en-GB/locale/branding/"],["locale","autoconfig","en-GB","chrome/en-GB/locale/en-GB/autoconfig/"],["locale","devtools-shared","en-GB","browser/chrome/en-GB/locale/en-GB/devtools/shared/"],["locale","global-platform","en-GB","chrome/en-GB/locale/en-GB/global-platform/unix/"],["locale","browser-region","en-GB","browser/chrome/en-GB/locale/browser-region/"],["locale","mozapps","en-GB","chrome/en-GB/locale/en-GB/mozapps/"],["locale","pluginproblem","en-GB","chrome/en-GB/locale/en-GB/pluginproblem/"],["locale","formautofill","en-GB","browser/features/formautofill@mozilla.org/en-GB/locale/en-GB/"],["locale","weave","en-GB","chrome/en-GB/locale/en-GB/services/"],["locale","pocket","en-GB","browser/chrome/en-GB/locale/en-GB/"],["locale","places","en-GB","chrome/en-GB/locale/en-GB/places/"],["locale","passwordmgr","en-GB","chrome/en-GB/locale/en-GB/passwordmgr/"],["locale","pippki","en-GB","chrome/en-GB/locale/en-GB/pippki/"],["locale","webcompat-reporter","en-GB","browser/features/webcompat-reporter@mozilla.org/en-GB/locale/en-GB/"],["locale","browser","en-GB","browser/chrome/en-GB/locale/browser/"]],"langpackId":"langpack-en-GB-browser","l10nRegistrySources":{"toolkit":"","browser":"browser/"},"languages":["en-GB"]},"hidden":false,"installTelemetryInfo":null,"location":"app-global"},{"id":"langpack-en-ZA@firefox.mozilla.org","syncGUID":"{959f5616-62fa-400b-a42d-83194569e679}","version":"65.0","type":"locale","loader":null,"updateURL":null,"optionsURL":null,"optionsType":null,"optionsBrowserStyle":true,"aboutURL":null,"defaultLocale":{"name":"English (South Africa) Language Pack","description":"Language pack for Firefox for en-ZA","creator":"Translate.org.za (contributors: Translate.org.za, Dwayne Bailey)","developers":null,"translators":null,"contributors":null},"visible":true,"active":true,"userDisabled":false,"appDisabled":false,"installDate":1536855726000,"updateDate":1548695468000,"applyBackgroundUpdates":1,"path":"/usr/lib/firefox/browser/extensions/langpack-en-ZA@firefox.mozilla.org.xpi","skinnable":false,"sourceURI":null,"releaseNotesURI":null,"softDisabled":false,"foreignInstall":true,"strictCompatibility":true,"locales":[],"targetApplications":[{"id":"toolkit@mozilla.org","minVersion":"65.0","maxVersion":"65.*"}],"targetPlatforms":[],"seen":true,"dependencies":[],"userPermissions":null,"icons":{},"iconURL":null,"blocklistState":0,"blocklistURL":null,"startupData":{"chromeEntries":[["locale","necko","en-ZA","chrome/en-ZA/locale/en-ZA/necko/"],["locale","pdf.js","en-ZA","browser/chrome/en-ZA/locale/pdfviewer/"],["locale","global","en-ZA","chrome/en-ZA/locale/en-ZA/global/"],["locale","devtools","en-ZA","browser/chrome/en-ZA/locale/en-ZA/devtools/client/"],["locale","pipnss","en-ZA","chrome/en-ZA/locale/en-ZA/pipnss/"],["locale","alerts","en-ZA","chrome/en-ZA/locale/en-ZA/alerts/"],["locale","devtools-startup","en-ZA","browser/chrome/en-ZA/locale/en-ZA/devtools/startup/"],["locale","branding","en-ZA","browser/chrome/en-ZA/locale/branding/"],["locale","autoconfig","en-ZA","chrome/en-ZA/locale/en-ZA/autoconfig/"],["locale","devtools-shared","en-ZA","browser/chrome/en-ZA/locale/en-ZA/devtools/shared/"],["locale","global-platform","en-ZA","chrome/en-ZA/locale/en-ZA/global-platform/unix/"],["locale","browser-region","en-ZA","browser/chrome/en-ZA/locale/browser-region/"],["locale","mozapps","en-ZA","chrome/en-ZA/locale/en-ZA/mozapps/"],["locale","pluginproblem","en-ZA","chrome/en-ZA/locale/en-ZA/pluginproblem/"],["locale","formautofill","en-ZA","browser/features/formautofill@mozilla.org/en-ZA/locale/en-ZA/"],["locale","weave","en-ZA","chrome/en-ZA/locale/en-ZA/services/"],["locale","pocket","en-ZA","browser/chrome/en-ZA/locale/en-ZA/"],["locale","places","en-ZA","chrome/en-ZA/locale/en-ZA/places/"],["locale","passwordmgr","en-ZA","chrome/en-ZA/locale/en-ZA/passwordmgr/"],["locale","pippki","en-ZA","chrome/en-ZA/locale/en-ZA/pippki/"],["locale","webcompat-reporter","en-ZA","browser/features/webcompat-reporter@mozilla.org/en-ZA/locale/en-ZA/"],["locale","browser","en-ZA","browser/chrome/en-ZA/locale/browser/"]],"langpackId":"langpack-en-ZA-browser","l10nRegistrySources":{"toolkit":"","browser":"browser/"},"languages":["en-ZA"]},"hidden":false,"installTelemetryInfo":null,"location":"app-global"},{"id":"chrome-gnome-shell@gnome.org","syncGUID":"{40d9b191-3231-4051-a5b6-10de8c16bb4b}","version":"10.1","type":"extension","loader":null,"updateURL":null,"optionsURL":"options.html","optionsType":3,"optionsBrowserStyle":true,"aboutURL":null,"defaultLocale":{"name":"GNOME Shell integration","description":"This extension provides integration with GNOME Shell and the corresponding extensions repository https://extensions.gnome.org","creator":"Yuri Konotopov <ykonotopov@gnome.org>","developers":null,"translators":null,"contributors":null},"visible":true,"active":true,"userDisabled":false,"appDisabled":false,"installDate":1521184208000,"updateDate":1550658341000,"applyBackgroundUpdates":"2","path":"/home/griggorii/.mozilla/firefox/88yfd75.default/extensions/chrome-gnome-shell@gnome.org.xpi","skinnable":false,"sourceURI":null,"releaseNotesURI":null,"softDisabled":false,"foreignInstall":false,"strictCompatibility":true,"locales":[{"name":"GNOME Shell integration","description":"This extension provides integration with GNOME Shell and the corresponding extensions repository https://extensions.gnome.org","creator":"Yuri Konotopov <ykonotopov@gnome.org>","developers":null,"translators":null,"contributors":null,"locales":["en"]},{"name":"Integratsioon GNOME Shelliga","description":"See laiendus võimaldab integratsiooni GNOME Shelli ja selle laienduste hoidlaga aadressil https://extensions.gnome.org","creator":"Yuri Konotopov <ykonotopov@gnome.org>","developers":null,"translators":null,"contributors":null,"locales":["et"]},{"name":"Integracion a GNOME Shell","description":"Aquesta extension permet l'integracion a GNOME Shell e a las extensions correspondentas del depaus https://extensions.gnome.org","creator":"Yuri Konotopov <ykonotopov@gnome.org>","developers":null,"translators":null,"contributors":null,"locales":["oc"]},{"name":"GNOME Shell integration","description":"This extension provides integration with GNOME Shell and the corresponding extensions repository https://extensions.gnome.org","creator":"Yuri Konotopov <ykonotopov@gnome.org>","developers":null,"translators":null,"contributors":null,"locales":["pt-PT"]},{"name":"Intégration à GNOME Shell","description":"Cette extension permet l'intégration à GNOME Shell et aux extensions correspondantes du dépôt https://extensions.gnome.org","creator":"Yuri Konotopov <ykonotopov@gnome.org>","developers":null,"translators":null,"contributors":null,"locales":["fr"]},{"name":"Integrasi Shell GNOME","description":"Ekstensi ini menyediakan integrasi dengan Shell GNOME dan repositori ekstensi yang berhubungan https://extensions.gnome.org","creator":"Yuri Konotopov <ykonotopov@gnome.org>","developers":null,"translators":null,"contributors":null,"locales":["id"]},{"name":"GNOME Shell-integration","description":"Detta tillägg tillhandahåller integration med GNOME Shell och det motsvarande tilläggsförrådet https://extensions.gnome.org","creator":"Yuri Konotopov <ykonotopov@gnome.org>","developers":null,"translators":null,"contributors":null,"locales":["sv"]},{"name":"Integrace do GNOME Shell","description":"Toto rozšíření poskytuje integraci s GNOME Shell a shoduje se s repozitářem rozšíření https://extensions.gnome.org","creator":"Yuri Konotopov <ykonotopov@gnome.org>","developers":null,"translators":null,"contributors":null,"locales":["cs"]},{"name":"GNOME Shell integráció","description":"Ez a kiterjesztés integrációt biztosít a GNOME Shell-lel, és a hozzá tartozó https://extensions.gnome.org kiterjesztéstárolóval","creator":"Yuri Konotopov <ykonotopov@gnome.org>","developers":null,"translators":null,"contributors":null,"locales":["hu"]},{"name":"그놈 셸 확장 기능","description":"이 확장 기능은 그놈 셸 통합 기능이 있으며 관련 확장 기능 저장소는 https://extensions.gnome.org에 있습니다","creator":"Yuri Konotopov <ykonotopov@gnome.org>","developers":null,"translators":null,"contributors":null,"locales":["ko"]},{"name":"Amalachadh slige GNOMW","description":"Bheir an leudachan seo dhut amalachadh le Slige GNOME agus Shell ionad-tasgaidh nan leudachan co-cheangailte rithe https://extensions.gnome.org","creator":"Yuri Konotopov <ykonotopov@gnome.org>","developers":null,"translators":null,"contributors":null,"locales":["gd"]},{"name":"Integrazione con GNOME Shell","description":"Questa estensione fornisce l'integrazione con GNOME Shell e il corrispondente repository delle estensioni https://extensions.gnome.org","creator":"Yuri Konotopov <ykonotopov@gnome.org>","developers":null,"translators":null,"contributors":null,"locales":["it"]},{"name":"Ingegrasjon med GNOME-skallet","description":"This extension provides integration with GNOME Shell and the corresponding extensions repository https://extensions.gnome.org","creator":"Yuri Konotopov <ykonotopov@gnome.org>","developers":null,"translators":null,"contributors":null,"locales":["nb"]},{"name":"GNOME Shell-Integration","description":"Diese Erweiterung ermöglicht die Integration mit der GNOME Shell und dem dazugehörenden Erweiterungs-Repository von https://extensions.gnome.org","creator":"Yuri Konotopov <ykonotopov@gnome.org>","developers":null,"translators":null,"contributors":null,"locales":["de"]},{"name":"Integración de GNOME Shell","description":"Esta extensión fornece integración con GNOME SHell e o correspondente repositorio de extensións https://extensions.gnome.org","creator":"Yuri Konotopov <ykonotopov@gnome.org>","developers":null,"translators":null,"contributors":null,"locales":["gl"]},{"name":"Integració amb el GNOME Shell","description":"Aquesta extensió proporciona integració amb GNOME Shell i el corresponent dipòsit d'extensions https://extensions.gnome.org","creator":"Yuri Konotopov <ykonotopov@gnome.org>","developers":null,"translators":null,"contributors":null,"locales":["ca"]},{"name":"Integrácia do Shellu prostredia GNOME","description":"Toto rozšírenie poskytuje integráciu do Shellu prostredia GNOME a príslušný repozitár rozšírení https://extensions.gnome.org","creator":"Yuri Konotopov <ykonotopov@gnome.org>","developers":null,"translators":null,"contributors":null,"locales":["sk"]},{"name":"Интеграција Гномове шкољке","description":"Ово проширење обезбеђује интеграцију са Гномовом шкољком и одговарајућом ризницом проширења „https://extensions.gnome.org“","creator":"Yuri Konotopov <ykonotopov@gnome.org>","developers":null,"translators":null,"contributors":null,"locales":["sr"]},{"name":"GNOME Shell integration","description":"Данное расширение добавляет интеграцию с GNOME Shell и репозиторием расширений https://extensions.gnome.org","creator":"Yuri Konotopov <ykonotopov@gnome.org>","developers":null,"translators":null,"contributors":null,"locales":["ru"]},{"name":"Integracja z GNOME Shell","description":"To rozszerzenie dostarcza integrację z GNOME Shell i repozytorium rozszerzeń https://extensions.gnome.org","creator":"Yuri Konotopov <ykonotopov@gnome.org>","developers":null,"translators":null,"contributors":null,"locales":["pl"]},{"name":"GNOME Shell integration","description":"This extension provides integration with GNOME Shell and the corresponding extensions repository https://extensions.gnome.org","creator":"Yuri Konotopov <ykonotopov@gnome.org>","developers":null,"translators":null,"contributors":null,"locales":["sl"]},{"name":"Integracija GNOME ljuske","description":"Ovo proširenje omogućuje integraciju s GNOME ljuskom i odgovarajućem repozitoriju proširenja https://extensions.gnome.org","creator":"Yuri Konotopov <ykonotopov@gnome.org>","developers":null,"translators":null,"contributors":null,"locales":["hr"]},{"name":"Gnome Shell -integraatio","description":"Tämä laajennus tarjoaa integraation Gnome Shellin ja Gnome Shellin laajennustietovaraston https://extensions.gnome.org kanssa","creator":"Yuri Konotopov <ykonotopov@gnome.org>","developers":null,"translators":null,"contributors":null,"locales":["fi"]},{"name":"GNOME Shell integration","description":"Αυτή η επέκταση παρέχει ενσωμάτωση με το GNOME Shell και τα πρόσθετα του από το https://extensions.gnome.org","creator":"Yuri Konotopov <ykonotopov@gnome.org>","developers":null,"translators":null,"contributors":null,"locales":["el"]},{"name":"Integración con GNOME Shell","description":"Esta extensión proporciona integración con GNOME Shell y el correspondiente repositorio de extensiones https://extensions.gnome.org","creator":"Yuri Konotopov <ykonotopov@gnome.org>","developers":null,"translators":null,"contributors":null,"locales":["es"]},{"name":"Integração com GNOME Shell","description":"Essa extensão fornece integração com o GNOME Shell e com o repositório de extensões correspondente, o https://extensions.gnome.org","creator":"Yuri Konotopov <ykonotopov@gnome.org>","developers":null,"translators":null,"contributors":null,"locales":["pt-BR"]},{"name":"GNOME Shell-integration","description":"Denne udvidelse giver integration med GNOME Shell og det tilhørende udvidelsesarkiv https://extensions.gnome.org","creator":"Yuri Konotopov <ykonotopov@gnome.org>","developers":null,"translators":null,"contributors":null,"locales":["da"]},{"name":"GNOME Kabuk bütünleşmesi","description":"Bu uygulama, GNOME Kabuk ve buna uygun uzantı deposu olan https://extensions.gnome.org ile bütünleşme sağlar","creator":"Yuri Konotopov <ykonotopov@gnome.org>","developers":null,"translators":null,"contributors":null,"locales":["tr"]},{"name":"Gnome-shell-integratie","description":"Deze extensie voorziet in de integratie met Gnome-shell en de bijbehorende website met extensies https://extensions.gnome.org","creator":"Yuri Konotopov <ykonotopov@gnome.org>","developers":null,"translators":null,"contributors":null,"locales":["nl"]}],"targetApplications":[{"id":"toolkit@mozilla.org","minVersion":"56.0","maxVersion":null}],"targetPlatforms":[],"signedState":2,"seen":true,"dependencies":[],"userPermissions":{"permissions":["alarms","nativeMessaging","notifications","storage","tabs"],"origins":["https://extensions.gnome.org/","https://extensions.gnome.org/*"]},"icons":{"16":"icons/GnomeLogo-16.png","48":"icons/GnomeLogo-48.png","128":"icons/GnomeLogo-128.png"},"iconURL":null,"blocklistState":0,"blocklistURL":null,"startupData":null,"hidden":false,"installTelemetryInfo":null,"location":"app-profile"},{"id":"jid1-o2qEVrZ4t5FJWu@jetpack","syncGUID":"{aa687e6e-92a4-498f-803d-c846e5a14295}","version":"0.1.9","type":"extension","loader":null,"optionsURL":null,"optionsType":null,"optionsBrowserStyle":true,"aboutURL":null,"defaultLocale":{"name":"Flash-HTML5 for YouTube™","description":"Play YouTube Videos in Flash or HTML5 Player","creator":null,"homepageURL":"http://mybrowseraddon.com/youtube-flash-html.html","developers":null,"translators":null,"contributors":null},"visible":true,"active":false,"userDisabled":true,"appDisabled":false,"installDate":1537801906000,"updateDate":1550658341000,"applyBackgroundUpdates":1,"path":"/home/griggorii/.mozilla/firefox/88yfd75.default/extensions/jid1-o2qEVrZ4t5FJWu@jetpack.xpi","skinnable":false,"sourceURI":null,"releaseNotesURI":null,"softDisabled":false,"foreignInstall":false,"strictCompatibility":true,"locales":[],"targetApplications":[{"id":"toolkit@mozilla.org"}],"targetPlatforms":[],"signedState":2,"seen":true,"dependencies":[],"userPermissions":{"permissions":["storage"],"origins":["*://*.mybrowseraddon.com/*","*://*.youtube.com/*"]},"icons":{"16":"data/icons/16.png","32":"data/icons/32.png","48":"data/icons/48.png","64":"data/icons/64.png","128":"data/icons/128.png"},"iconURL":null,"blocklistState":0,"blocklistURL":null,"startupData":null,"hidden":false,"installTelemetryInfo":null,"location":"app-profile"},{"id":"adb@mozilla.org","syncGUID":"{453e5aea-b564-4515-b4fc-34357c18bf86}","version":"0.0.5","type":"extension","loader":null,"updateURL":"https://ftp.mozilla.org/pub/labs/devtools/adb-extension/linux64/update.json","optionsURL":null,"optionsType":null,"optionsBrowserStyle":true,"aboutURL":null,"defaultLocale":{"name":"Firefox DevTools ADB Extension","description":"An extension providing ADB binaries for Android remote debugging in Firefox DevTools. May be automatically installed when using WebIDE or about:debugging.","creator":"Mozilla & Android Open Source Project","homepageURL":"https://github.com/mozilla/devtools-adb-extension","developers":null,"translators":null,"contributors":null},"visible":true,"active":true,"userDisabled":false,"appDisabled":false,"installDate":1548424051000,"updateDate":1550658341000,"applyBackgroundUpdates":1,"path":"/home/griggorii/.mozilla/firefox/88yfd75.default/extensions/adb@mozilla.org.xpi","skinnable":false,"sourceURI":null,"releaseNotesURI":null,"softDisabled":false,"foreignInstall":false,"strictCompatibility":true,"locales":[],"targetApplications":[{"id":"toolkit@mozilla.org","minVersion":"64.0a1","maxVersion":null}],"targetPlatforms":[],"signedState":4,"seen":true,"dependencies":[],"userPermissions":{"permissions":[],"origins":[]},"icons":{},"iconURL":null,"blocklistState":0,"blocklistURL":null,"startupData":null,"hidden":false,"installTelemetryInfo":null,"location":"app-profile"},{"id":"addon@darkreader.org","syncGUID":"{93b83521-4d22-4142-8e5d-8f0281658a69}","version":"4.7.6","type":"extension","loader":null,"updateURL":null,"optionsURL":null,"optionsType":null,"optionsBrowserStyle":true,"aboutURL":null,"defaultLocale":{"name":"Dark Reader","description":"Dark mode for every website. Take care of your eyes, use dark theme for night and daily browsing.","creator":"Alexander Shutov","developers":null,"translators":null,"contributors":null},"visible":true,"active":true,"userDisabled":false,"appDisabled":false,"installDate":1548400699000,"updateDate":1550658341000,"applyBackgroundUpdates":1,"path":"/home/griggorii/.mozilla/firefox/88yfd75.default/extensions/addon@darkreader.org.xpi","skinnable":false,"sourceURI":null,"releaseNotesURI":null,"softDisabled":false,"foreignInstall":false,"strictCompatibility":true,"locales":[{"name":"Dark Reader","description":"Dark mode for every website. Take care of your eyes, use dark theme for night and daily browsing.","creator":"Alexander Shutov","developers":null,"translators":null,"contributors":null,"locales":["en"]},{"name":"Dark Reader","description":"すべてのウェブサイトにダークテーマを適用します。夜間や毎日のブラウジングにDark Readerを使用し、あなたの目を気遣います。","creator":"Alexander Shutov","developers":null,"translators":null,"contributors":null,"locales":["ja"]},{"name":"Dark Reader","description":"Tema escuro para todos os sites. Cuide dos seus olhos, use o Dark Reader para navegação noturna e diária.","creator":"Alexander Shutov","developers":null,"translators":null,"contributors":null,"locales":["pt-PT"]},{"name":"Dark Reader","description":"Thème sombre pour chaque site Web. Prenez soin de vos yeux, utilisez Dark Reader pour votre navigation nocturne et quotidienne.","creator":"Alexander Shutov","developers":null,"translators":null,"contributors":null,"locales":["fr"]},{"name":"Dark Reader","description":"Mode Malam untuk semua website. Jaga kesehatan mata and dengan menggunakan Dark Reader untuk aktivitas anda berselancar di dunia maya.","creator":"Alexander Shutov","developers":null,"translators":null,"contributors":null,"locales":["id"]},{"name":"Dark Reader","description":"Tmavý motiv pro každou stránku. Používejte Dark Reader pro celodenní prohlížení webu a šetřete tak své oči.","creator":"Alexander Shutov","developers":null,"translators":null,"contributors":null,"locales":["cs"]},{"name":"Dark Reader","description":"모든 웹 사이트의 검은 색 테마. 눈을 보호하고 야간 및 주간 탐색을 위해 Dark Reader 을 사용하십시오.","creator":"Alexander Shutov","developers":null,"translators":null,"contributors":null,"locales":["ko"]},{"name":"Dark Reader","description":"Tema scuro per ogni sito. Prenditi cura dei tuoi occhi, usa Dark Reader per navigare giorno e notte.","creator":"Alexander Shutov","developers":null,"translators":null,"contributors":null,"locales":["it"]},{"name":"Dark Reader","description":"Mørkt tema for alle nettsteder. Ta vare på øynene, bruk Dark Reader for nettleseren, dag og kveld.","creator":"Alexander Shutov","developers":null,"translators":null,"contributors":null,"locales":["no"]},{"name":"Dark Reader","description":"हर वेबसाइट के लिए डार्क थीम। अपनी आंखों की देखभाल करें, रात और दैनिक ब्राउज़िंग के लिए डार्क रीडर का उपयोग करें।","creator":"Alexander Shutov","developers":null,"translators":null,"contributors":null,"locales":["hi"]},{"name":"Dark Reader","description":"Dunkles Design für jede Website. Schonen Sie Ihre Augen und verwenden Sie Dark Reader für die Nacht und das tägliche Surfen.","creator":"Alexander Shutov","developers":null,"translators":null,"contributors":null,"locales":["de"]},{"name":"Dark Reader","description":"Dark mode for every website. Take care of your eyes, use dark theme for night and daily browsing.","creator":"Alexander Shutov","developers":null,"translators":null,"contributors":null,"locales":["en-GB"]},{"name":"Dark Reader","description":"黑色主题，适用于任何网站。关爱眼睛，就使用Dark Reader进行夜间和日间浏览。","creator":"Alexander Shutov","developers":null,"translators":null,"contributors":null,"locales":["zh-CN"]},{"name":"Dark Reader","description":"Тёмная тема для каждого сайта. Берегите зрение, используйте Дарк Ридер для ночного или ежедневного просмотра веб-страниц.","creator":"Alexander Shutov","developers":null,"translators":null,"contributors":null,"locales":["ru"]},{"name":"Dark Reader","description":"Цёмная Тэма для кожнага сайта. Беражыце свае вочы, карыстайцеся Дарк Рыдарам для начнога ці штодзённага прагляду вэб-старонак.","creator":"Alexander Shutov","developers":null,"translators":null,"contributors":null,"locales":["be"]},{"name":"Dark Reader","description":"Temă întunecată pentru orice site. Ai grijă de ochii tăi, folosește Dark Reader pentru cititul noaptea și de zi cu zi.","creator":"Alexander Shutov","developers":null,"translators":null,"contributors":null,"locales":["ro"]},{"name":"Dark Reader","description":"Dark mode for every website. Take care of your eyes, use dark theme for night and daily browsing.","creator":"Alexander Shutov","developers":null,"translators":null,"contributors":null,"locales":["en-US"]},{"name":"Dark Reader","description":"Tema oscuro para todos los sitios. Cuide sus ojos, utilice Dark Reader para navegar durante el día y la noche.","creator":"Alexander Shutov","developers":null,"translators":null,"contributors":null,"locales":["es"]},{"name":"Dark Reader","description":"Tema escuro para todos os sites. Cuide dos seus olhos, use o Dark Reader para navegação noturna e diária.","creator":"Alexander Shutov","developers":null,"translators":null,"contributors":null,"locales":["pt-BR"]},{"name":"Dark Reader","description":"黑色主題，適用於任何網站。關愛眼睛，就使用Dark Reader進行夜間和日間瀏覽。","creator":"Alexander Shutov","developers":null,"translators":null,"contributors":null,"locales":["zh-TW"]},{"name":"Dark Reader","description":"Donkere modus voor elke website. Zorg goed voor je ogen, gebruik donkere modus voor gebruik in de nacht of zelfs overdag.","creator":"Alexander Shutov","developers":null,"translators":null,"contributors":null,"locales":["nl"]}],"targetApplications":[{"id":"toolkit@mozilla.org","minVersion":"54.0","maxVersion":null}],"targetPlatforms":[],"signedState":2,"seen":true,"dependencies":[],"userPermissions":{"permissions":["storage","tabs","theme"],"origins":["<all_urls>"]},"icons":{"16":"icons/dr_16.png","48":"icons/dr_48.png","128":"icons/dr_128.png"},"iconURL":null,"blocklistState":0,"blocklistURL":null,"startupData":null,"hidden":false,"installTelemetryInfo":null,"location":"app-profile"},{"id":"langpack-ach@firefox.mozilla.org","syncGUID":"{f375c440-d341-41a8-ac9b-14ae17acf27b}","version":"65.0buildid20190211233335","type":"locale","loader":null,"updateURL":null,"optionsURL":null,"optionsType":null,"optionsBrowserStyle":true,"aboutURL":null,"defaultLocale":{"name":"Acholi (UG) Language Pack","description":"Language pack for Firefox for ach","creator":"mozilla.org (contributors: San James, War Child Holland-Uganda, Acuma George Patrick, Keneth Ogwal, Dan Jasper Okello, Opio June Brian, Kaloba Haron, Komakech S. B. Ford, Akena David Akeni, Acire Samuel, Ojara David Prince)","developers":null,"translators":null,"contributors":null},"visible":true,"active":false,"userDisabled":true,"appDisabled":false,"installDate":1537155714000,"updateDate":1550658341000,"applyBackgroundUpdates":1,"path":"/home/griggorii/.mozilla/firefox/88yfd75.default/extensions/langpack-ach@firefox.mozilla.org.xpi","skinnable":false,"sourceURI":null,"releaseNotesURI":null,"softDisabled":false,"foreignInstall":true,"strictCompatibility":true,"locales":[],"targetApplications":[{"id":"toolkit@mozilla.org","minVersion":"65.0","maxVersion":"65.*"}],"targetPlatforms":[],"signedState":2,"seen":true,"dependencies":[],"userPermissions":null,"icons":{},"iconURL":null,"blocklistState":0,"blocklistURL":null,"startupData":{"chromeEntries":[["locale","necko","ach","chrome/ach/locale/ach/necko/"],["locale","pdf.js","ach","browser/chrome/ach/locale/pdfviewer/"],["locale","global","ach","chrome/ach/locale/ach/global/"],["locale","devtools","ach","browser/chrome/ach/locale/ach/devtools/client/"],["locale","pipnss","ach","chrome/ach/locale/ach/pipnss/"],["locale","alerts","ach","chrome/ach/locale/ach/alerts/"],["locale","devtools-startup","ach","browser/chrome/ach/locale/ach/devtools/startup/"],["locale","branding","ach","browser/chrome/ach/locale/branding/"],["locale","autoconfig","ach","chrome/ach/locale/ach/autoconfig/"],["locale","devtools-shared","ach","browser/chrome/ach/locale/ach/devtools/shared/"],["locale","global-platform","ach","chrome/ach/locale/ach/global-platform/unix/"],["locale","browser-region","ach","browser/chrome/ach/locale/browser-region/"],["locale","mozapps","ach","chrome/ach/locale/ach/mozapps/"],["locale","pluginproblem","ach","chrome/ach/locale/ach/pluginproblem/"],["locale","formautofill","ach","browser/features/formautofill@mozilla.org/ach/locale/ach/"],["locale","weave","ach","chrome/ach/locale/ach/services/"],["locale","pocket","ach","browser/chrome/ach/locale/ach/"],["locale","places","ach","chrome/ach/locale/ach/places/"],["locale","passwordmgr","ach","chrome/ach/locale/ach/passwordmgr/"],["locale","pippki","ach","chrome/ach/locale/ach/pippki/"],["locale","webcompat-reporter","ach","browser/features/webcompat-reporter@mozilla.org/ach/locale/ach/"],["locale","browser","ach","browser/chrome/ach/locale/browser/"]],"langpackId":"langpack-ach-browser","l10nRegistrySources":{"toolkit":"","browser":"browser/"},"languages":["ach"]},"hidden":false,"installTelemetryInfo":null,"location":"app-profile"},{"id":"fxmonitor@mozilla.org","syncGUID":"{359aa4c6-08cd-4c18-9391-37d32aee560e}","version":"2.8","type":"extension","loader":null,"updateURL":null,"optionsURL":null,"optionsType":null,"optionsBrowserStyle":true,"aboutURL":null,"defaultLocale":{"name":"Firefox Monitor","creator":null,"developers":null,"translators":null,"contributors":null},"visible":true,"active":true,"userDisabled":false,"appDisabled":false,"installDate":1550557040000,"updateDate":1550658341000,"applyBackgroundUpdates":1,"path":"/home/griggorii/.mozilla/firefox/88yfd75.default/features/{8f7a6a2e-da40-4e1f-8747-b085d200b017}/fxmonitor@mozilla.org.xpi","skinnable":false,"sourceURI":null,"releaseNotesURI":null,"softDisabled":false,"foreignInstall":false,"strictCompatibility":true,"locales":[],"targetApplications":[{"id":"toolkit@mozilla.org","minVersion":"63.0","maxVersion":null}],"targetPlatforms":[],"signedState":3,"seen":true,"dependencies":[],"userPermissions":{"permissions":[],"origins":[]},"icons":{},"iconURL":null,"blocklistState":0,"blocklistURL":null,"startupData":null,"hidden":true,"installTelemetryInfo":null,"location":"app-system-addons"},{"id":"langpack-es-AR@firefox.mozilla.org","syncGUID":"{23e0373b-0806-4821-ac9a-a8b230a78314}","version":"65.0","type":"locale","loader":null,"updateURL":null,"optionsURL":null,"optionsType":null,"optionsBrowserStyle":true,"aboutURL":null,"defaultLocale":{"name":"Español (AR) Language Pack","description":"Language pack for Firefox for es-AR","creator":"mozilla.org (contributors: Marcelo Poli, Pablo Lillia, Sergio Celani, Ariel Burone, Mariano Cuenze, Ramón Retamar, Pamela Gulijczuk, Guillermo Movia)","developers":null,"translators":null,"contributors":null},"visible":true,"active":true,"userDisabled":false,"appDisabled":false,"installDate":1548695468000,"updateDate":1548695468000,"applyBackgroundUpdates":1,"path":"/usr/lib/firefox/browser/extensions/langpack-es-AR@firefox.mozilla.org.xpi","skinnable":false,"sourceURI":null,"releaseNotesURI":null,"softDisabled":false,"foreignInstall":true,"strictCompatibility":true,"locales":[],"targetApplications":[{"id":"toolkit@mozilla.org","minVersion":"65.0","maxVersion":"65.*"}],"targetPlatforms":[],"seen":true,"dependencies":[],"userPermissions":null,"icons":{},"iconURL":null,"blocklistState":0,"blocklistURL":null,"startupData":{"chromeEntries":[["locale","necko","es-AR","chrome/es-AR/locale/es-AR/necko/"],["locale","pdf.js","es-AR","browser/chrome/es-AR/locale/pdfviewer/"],["locale","global","es-AR","chrome/es-AR/locale/es-AR/global/"],["locale","devtools","es-AR","browser/chrome/es-AR/locale/es-AR/devtools/client/"],["locale","pipnss","es-AR","chrome/es-AR/locale/es-AR/pipnss/"],["locale","alerts","es-AR","chrome/es-AR/locale/es-AR/alerts/"],["locale","devtools-startup","es-AR","browser/chrome/es-AR/locale/es-AR/devtools/startup/"],["locale","branding","es-AR","browser/chrome/es-AR/locale/branding/"],["locale","autoconfig","es-AR","chrome/es-AR/locale/es-AR/autoconfig/"],["locale","devtools-shared","es-AR","browser/chrome/es-AR/locale/es-AR/devtools/shared/"],["locale","global-platform","es-AR","chrome/es-AR/locale/es-AR/global-platform/unix/"],["locale","browser-region","es-AR","browser/chrome/es-AR/locale/browser-region/"],["locale","mozapps","es-AR","chrome/es-AR/locale/es-AR/mozapps/"],["locale","pluginproblem","es-AR","chrome/es-AR/locale/es-AR/pluginproblem/"],["locale","formautofill","es-AR","browser/features/formautofill@mozilla.org/es-AR/locale/es-AR/"],["locale","weave","es-AR","chrome/es-AR/locale/es-AR/services/"],["locale","pocket","es-AR","browser/chrome/es-AR/locale/es-AR/"],["locale","places","es-AR","chrome/es-AR/locale/es-AR/places/"],["locale","passwordmgr","es-AR","chrome/es-AR/locale/es-AR/passwordmgr/"],["locale","pippki","es-AR","chrome/es-AR/locale/es-AR/pippki/"],["locale","webcompat-reporter","es-AR","browser/features/webcompat-reporter@mozilla.org/es-AR/locale/es-AR/"],["locale","browser","es-AR","browser/chrome/es-AR/locale/browser/"]],"langpackId":"langpack-es-AR-browser","l10nRegistrySources":{"toolkit":"","browser":"browser/"},"languages":["es-AR"]},"hidden":false,"installTelemetryInfo":{"source":"app-global","method":"sideload"},"location":"app-global"},{"id":"langpack-es-MX@firefox.mozilla.org","syncGUID":"{4e8c3557-0193-41e9-bb8b-fdd6fda07d3c}","version":"65.0","type":"locale","loader":null,"updateURL":null,"optionsURL":null,"optionsType":null,"optionsBrowserStyle":true,"aboutURL":null,"defaultLocale":{"name":"Español (México) Language Pack","description":"Language pack for Firefox for es-MX","creator":"mozilla.org (contributors: Mozilla M&#233;xico &#40;Responsable: Mauricio Navarro&#41;)","developers":null,"translators":null,"contributors":null},"visible":true,"active":true,"userDisabled":false,"appDisabled":false,"installDate":1548695468000,"updateDate":1548695468000,"applyBackgroundUpdates":1,"path":"/usr/lib/firefox/browser/extensions/langpack-es-MX@firefox.mozilla.org.xpi","skinnable":false,"sourceURI":null,"releaseNotesURI":null,"softDisabled":false,"foreignInstall":true,"strictCompatibility":true,"locales":[],"targetApplications":[{"id":"toolkit@mozilla.org","minVersion":"65.0","maxVersion":"65.*"}],"targetPlatforms":[],"seen":true,"dependencies":[],"userPermissions":null,"icons":{},"iconURL":null,"blocklistState":0,"blocklistURL":null,"startupData":{"chromeEntries":[["locale","necko","es-MX","chrome/es-MX/locale/es-MX/necko/"],["locale","pdf.js","es-MX","browser/chrome/es-MX/locale/pdfviewer/"],["locale","global","es-MX","chrome/es-MX/locale/es-MX/global/"],["locale","devtools","es-MX","browser/chrome/es-MX/locale/es-MX/devtools/client/"],["locale","pipnss","es-MX","chrome/es-MX/locale/es-MX/pipnss/"],["locale","alerts","es-MX","chrome/es-MX/locale/es-MX/alerts/"],["locale","devtools-startup","es-MX","browser/chrome/es-MX/locale/es-MX/devtools/startup/"],["locale","branding","es-MX","browser/chrome/es-MX/locale/branding/"],["locale","autoconfig","es-MX","chrome/es-MX/locale/es-MX/autoconfig/"],["locale","devtools-shared","es-MX","browser/chrome/es-MX/locale/es-MX/devtools/shared/"],["locale","global-platform","es-MX","chrome/es-MX/locale/es-MX/global-platform/unix/"],["locale","browser-region","es-MX","browser/chrome/es-MX/locale/browser-region/"],["locale","mozapps","es-MX","chrome/es-MX/locale/es-MX/mozapps/"],["locale","pluginproblem","es-MX","chrome/es-MX/locale/es-MX/pluginproblem/"],["locale","formautofill","es-MX","browser/features/formautofill@mozilla.org/es-MX/locale/es-MX/"],["locale","weave","es-MX","chrome/es-MX/locale/es-MX/services/"],["locale","pocket","es-MX","browser/chrome/es-MX/locale/es-MX/"],["locale","places","es-MX","chrome/es-MX/locale/es-MX/places/"],["locale","passwordmgr","es-MX","chrome/es-MX/locale/es-MX/passwordmgr/"],["locale","pippki","es-MX","chrome/es-MX/locale/es-MX/pippki/"],["locale","webcompat-reporter","es-MX","browser/features/webcompat-reporter@mozilla.org/es-MX/locale/es-MX/"],["locale","browser","es-MX","browser/chrome/es-MX/locale/browser/"]],"langpackId":"langpack-es-MX-browser","l10nRegistrySources":{"toolkit":"","browser":"browser/"},"languages":["es-MX"]},"hidden":false,"installTelemetryInfo":{"source":"app-global","method":"sideload"},"location":"app-global"},{"id":"langpack-es-CL@firefox.mozilla.org","syncGUID":"{3a399eec-72d5-4bd2-b99d-c808465687c6}","version":"65.0","type":"locale","loader":null,"updateURL":null,"optionsURL":null,"optionsType":null,"optionsBrowserStyle":true,"aboutURL":null,"defaultLocale":{"name":"Español (Chile) Language Pack","description":"Language pack for Firefox for es-CL","creator":"mozilla.org (contributors: Richard von Moltke, Vedran Tomicic, Carlos Riveros, Joaquín Haeussler, Emilio Sepúlveda, Pablo Olmos De Aguilera, Eduardo Escárez, Ricardo Varas)","developers":null,"translators":null,"contributors":null},"visible":true,"active":true,"userDisabled":false,"appDisabled":false,"installDate":1548695468000,"updateDate":1548695468000,"applyBackgroundUpdates":1,"path":"/usr/lib/firefox/browser/extensions/langpack-es-CL@firefox.mozilla.org.xpi","skinnable":false,"sourceURI":null,"releaseNotesURI":null,"softDisabled":false,"foreignInstall":true,"strictCompatibility":true,"locales":[],"targetApplications":[{"id":"toolkit@mozilla.org","minVersion":"65.0","maxVersion":"65.*"}],"targetPlatforms":[],"seen":true,"dependencies":[],"userPermissions":null,"icons":{},"iconURL":null,"blocklistState":0,"blocklistURL":null,"startupData":{"chromeEntries":[["locale","necko","es-CL","chrome/es-CL/locale/es-CL/necko/"],["locale","pdf.js","es-CL","browser/chrome/es-CL/locale/pdfviewer/"],["locale","global","es-CL","chrome/es-CL/locale/es-CL/global/"],["locale","devtools","es-CL","browser/chrome/es-CL/locale/es-CL/devtools/client/"],["locale","pipnss","es-CL","chrome/es-CL/locale/es-CL/pipnss/"],["locale","alerts","es-CL","chrome/es-CL/locale/es-CL/alerts/"],["locale","devtools-startup","es-CL","browser/chrome/es-CL/locale/es-CL/devtools/startup/"],["locale","branding","es-CL","browser/chrome/es-CL/locale/branding/"],["locale","autoconfig","es-CL","chrome/es-CL/locale/es-CL/autoconfig/"],["locale","devtools-shared","es-CL","browser/chrome/es-CL/locale/es-CL/devtools/shared/"],["locale","global-platform","es-CL","chrome/es-CL/locale/es-CL/global-platform/unix/"],["locale","browser-region","es-CL","browser/chrome/es-CL/locale/browser-region/"],["locale","mozapps","es-CL","chrome/es-CL/locale/es-CL/mozapps/"],["locale","pluginproblem","es-CL","chrome/es-CL/locale/es-CL/pluginproblem/"],["locale","formautofill","es-CL","browser/features/formautofill@mozilla.org/es-CL/locale/es-CL/"],["locale","weave","es-CL","chrome/es-CL/locale/es-CL/services/"],["locale","pocket","es-CL","browser/chrome/es-CL/locale/es-CL/"],["locale","places","es-CL","chrome/es-CL/locale/es-CL/places/"],["locale","passwordmgr","es-CL","chrome/es-CL/locale/es-CL/passwordmgr/"],["locale","pippki","es-CL","chrome/es-CL/locale/es-CL/pippki/"],["locale","webcompat-reporter","es-CL","browser/features/webcompat-reporter@mozilla.org/es-CL/locale/es-CL/"],["locale","browser","es-CL","browser/chrome/es-CL/locale/browser/"]],"langpackId":"langpack-es-CL-browser","l10nRegistrySources":{"toolkit":"","browser":"browser/"},"languages":["es-CL"]},"hidden":false,"installTelemetryInfo":{"source":"app-global","method":"sideload"},"location":"app-global"},{"id":"langpack-es-ES@firefox.mozilla.org","syncGUID":"{760e533a-b4bf-4dfe-870f-159ea2a083a5}","version":"65.0","type":"locale","loader":null,"updateURL":null,"optionsURL":null,"optionsType":null,"optionsBrowserStyle":true,"aboutURL":null,"defaultLocale":{"name":"Español (España) Language Pack","description":"Language pack for Firefox for es-ES","creator":"mozilla.org (contributors: Proyecto NAVE (http://www.proyectonave.es/))","developers":null,"translators":null,"contributors":null},"visible":true,"active":true,"userDisabled":false,"appDisabled":false,"installDate":1548695468000,"updateDate":1548695468000,"applyBackgroundUpdates":1,"path":"/usr/lib/firefox/browser/extensions/langpack-es-ES@firefox.mozilla.org.xpi","skinnable":false,"sourceURI":null,"releaseNotesURI":null,"softDisabled":false,"foreignInstall":true,"strictCompatibility":true,"locales":[],"targetApplications":[{"id":"toolkit@mozilla.org","minVersion":"65.0","maxVersion":"65.*"}],"targetPlatforms":[],"seen":true,"dependencies":[],"userPermissions":null,"icons":{},"iconURL":null,"blocklistState":0,"blocklistURL":null,"startupData":{"chromeEntries":[["locale","necko","es-ES","chrome/es-ES/locale/es-ES/necko/"],["locale","pdf.js","es-ES","browser/chrome/es-ES/locale/pdfviewer/"],["locale","global","es-ES","chrome/es-ES/locale/es-ES/global/"],["locale","devtools","es-ES","browser/chrome/es-ES/locale/es-ES/devtools/client/"],["locale","pipnss","es-ES","chrome/es-ES/locale/es-ES/pipnss/"],["locale","alerts","es-ES","chrome/es-ES/locale/es-ES/alerts/"],["locale","devtools-startup","es-ES","browser/chrome/es-ES/locale/es-ES/devtools/startup/"],["locale","branding","es-ES","browser/chrome/es-ES/locale/branding/"],["locale","autoconfig","es-ES","chrome/es-ES/locale/es-ES/autoconfig/"],["locale","devtools-shared","es-ES","browser/chrome/es-ES/locale/es-ES/devtools/shared/"],["locale","global-platform","es-ES","chrome/es-ES/locale/es-ES/global-platform/unix/"],["locale","browser-region","es-ES","browser/chrome/es-ES/locale/browser-region/"],["locale","mozapps","es-ES","chrome/es-ES/locale/es-ES/mozapps/"],["locale","pluginproblem","es-ES","chrome/es-ES/locale/es-ES/pluginproblem/"],["locale","formautofill","es-ES","browser/features/formautofill@mozilla.org/es-ES/locale/es-ES/"],["locale","weave","es-ES","chrome/es-ES/locale/es-ES/services/"],["locale","pocket","es-ES","browser/chrome/es-ES/locale/es-ES/"],["locale","places","es-ES","chrome/es-ES/locale/es-ES/places/"],["locale","passwordmgr","es-ES","chrome/es-ES/locale/es-ES/passwordmgr/"],["locale","pippki","es-ES","chrome/es-ES/locale/es-ES/pippki/"],["locale","webcompat-reporter","es-ES","browser/features/webcompat-reporter@mozilla.org/es-ES/locale/es-ES/"],["locale","browser","es-ES","browser/chrome/es-ES/locale/browser/"]],"langpackId":"langpack-es-ES-browser","l10nRegistrySources":{"toolkit":"","browser":"browser/"},"languages":["es-ES"]},"hidden":false,"installTelemetryInfo":{"source":"app-global","method":"sideload"},"location":"app-global"},{"id":"langpack-fr@firefox.mozilla.org","syncGUID":"{d3e28f9a-3929-4e33-965d-2223134cc9ac}","version":"65.0","type":"locale","loader":null,"updateURL":null,"optionsURL":null,"optionsType":null,"optionsBrowserStyle":true,"aboutURL":null,"defaultLocale":{"name":"Français Language Pack","description":"Language pack for Firefox for fr","creator":"mozfr.org (contributors: Vincent Béron, Théo Chevalier, Cédric Corazza, Philippe Dessante, Benoît Leseul, Marie Léger-St-Jean, Jean-Bernard Marcon, Jérôme Schell)","developers":null,"translators":null,"contributors":null},"visible":true,"active":true,"userDisabled":false,"appDisabled":false,"installDate":1548695468000,"updateDate":1548695468000,"applyBackgroundUpdates":1,"path":"/usr/lib/firefox/browser/extensions/langpack-fr@firefox.mozilla.org.xpi","skinnable":false,"sourceURI":null,"releaseNotesURI":null,"softDisabled":false,"foreignInstall":true,"strictCompatibility":true,"locales":[],"targetApplications":[{"id":"toolkit@mozilla.org","minVersion":"65.0","maxVersion":"65.*"}],"targetPlatforms":[],"seen":true,"dependencies":[],"userPermissions":null,"icons":{},"iconURL":null,"blocklistState":0,"blocklistURL":null,"startupData":{"chromeEntries":[["locale","necko","fr","chrome/fr/locale/fr/necko/"],["locale","pdf.js","fr","browser/chrome/fr/locale/pdfviewer/"],["locale","global","fr","chrome/fr/locale/fr/global/"],["locale","devtools","fr","browser/chrome/fr/locale/fr/devtools/client/"],["locale","pipnss","fr","chrome/fr/locale/fr/pipnss/"],["locale","alerts","fr","chrome/fr/locale/fr/alerts/"],["locale","devtools-startup","fr","browser/chrome/fr/locale/fr/devtools/startup/"],["locale","branding","fr","browser/chrome/fr/locale/branding/"],["locale","autoconfig","fr","chrome/fr/locale/fr/autoconfig/"],["locale","devtools-shared","fr","browser/chrome/fr/locale/fr/devtools/shared/"],["locale","global-platform","fr","chrome/fr/locale/fr/global-platform/unix/"],["locale","browser-region","fr","browser/chrome/fr/locale/browser-region/"],["locale","mozapps","fr","chrome/fr/locale/fr/mozapps/"],["locale","pluginproblem","fr","chrome/fr/locale/fr/pluginproblem/"],["locale","formautofill","fr","browser/features/formautofill@mozilla.org/fr/locale/fr/"],["locale","weave","fr","chrome/fr/locale/fr/services/"],["locale","pocket","fr","browser/chrome/fr/locale/fr/"],["locale","places","fr","chrome/fr/locale/fr/places/"],["locale","passwordmgr","fr","chrome/fr/locale/fr/passwordmgr/"],["locale","pippki","fr","chrome/fr/locale/fr/pippki/"],["locale","webcompat-reporter","fr","browser/features/webcompat-reporter@mozilla.org/fr/locale/fr/"],["locale","browser","fr","browser/chrome/fr/locale/browser/"]],"langpackId":"langpack-fr-browser","l10nRegistrySources":{"toolkit":"","browser":"browser/"},"languages":["fr"]},"hidden":false,"installTelemetryInfo":{"source":"app-global","method":"sideload"},"location":"app-global"}]}