{"defaultHandlersVersion":{"ru":4,"en-US":4,"und":4},"mimeTypes":{"application/pdf":{"action":3,"extensions":["pdf"]},"application/x-debian-package":{"action":0,"ask":true,"extensions":["deb","udeb"]},"application/zip":{"action":0,"ask":true,"extensions":["zip"]},"application/x-xz":{"action":0,"ask":true,"extensions":["xz"]},"application/vnd.android.package-archive":{"action":0,"ask":true,"extensions":["apk"]},"application/x-gzip":{"action":0,"ask":true},"application/x-rpm":{"action":0,"ask":true},"model/x3d+xml":{"action":2,"ask":true,"handlers":[{"name":"Веб-браузер Firefox","path":"/usr/bin/firefox"}],"extensions":["x3d"]},"application/x-bzip":{"action":0,"ask":true},"application/x-iso9660-image":{"action":0,"ask":true,"extensions":["iso"]},"application/x-rar":{"action":0,"ask":true},"application/x-7z-compressed":{"action":0,"ask":true,"extensions":["7z"]},"text/x-csrc":{"action":0,"ask":true,"extensions":["c"]},"text/x-diff":{"action":0,"ask":true,"extensions":["patch","diff"]},"application/x-xz-compressed-tar":{"action":0,"ask":true},"image/jpeg":{"action":0,"ask":true,"extensions":["jpg","jpeg","jpe"]},"audio/mpeg":{"action":0,"ask":true,"extensions":["mp3","mpga","mpega","mp2","m4a"]},"application/x-download":{"action":0,"ask":true,"extensions":["bz2"]},"application/gzip":{"action":0,"ask":true,"extensions":["gz"]}},"schemes":{"ircs":{"action":2,"ask":true,"handlers":[null,{"name":"Mibbit","uriTemplate":"https://www.mibbit.com/?url=%s"}]},"mailto":{"action":4,"handlers":[null,{"name":"Яндекс.Почта","uriTemplate":"https://mail.yandex.ru/compose?mailto=%s"},{"name":"Mail.Ru","uriTemplate":"http://win.mail.ru/cgi-bin/sentmsg?mailto=%s"},{"name":"Gmail","uriTemplate":"https://mail.google.com/mail/?extsrc=mailto&url=%s"},{"name":"Yahoo! Mail","uriTemplate":"https://compose.mail.yahoo.com/?To=%s"}]},"irc":{"action":2,"ask":true,"handlers":[null,{"name":"Mibbit","uriTemplate":"https://www.mibbit.com/?url=%s"}]},"webcal":{"action":2,"ask":true,"handlers":[null,{"name":"Яндекс.Календарь","uriTemplate":"https://calendar.yandex.ru/importics.xml?ics=%s"},{"name":"30 Boxes","uriTemplate":"https://30boxes.com/external/widget?refer=ff&url=%s"}]},"apt":{"action":4,"ask":true},"appstream":{"action":4,"ask":true}}}