{"chrome://browser/content/browser.xul":{"main-window":{"sizemode":"maximized","screenX":"73","screenY":"147","width":"923","height":"631"},"toolbar-menubar":{"autohide":"false"},"PersonalToolbar":{"collapsed":"false"},"urlbar-container":{"width":"812"},"search-container":{"width":"186"},"sidebar-box":{"sidebarcommand":"viewBookmarksSidebar"},"sidebar-title":{"value":"Закладки"}},"chrome://mozapps/content/downloads/unknownContentType.xul":{"unknownContentType":{"screenX":"590","screenY":"152"}},"about:config":{"prefCol":{"ordinal":"1","sortDirection":"descending"},"lockCol":{"ordinal":"3"},"typeCol":{"ordinal":"5"},"valueCol":{"ordinal":"7"}},"chrome://browser/content/sanitize.xul":{"SanitizeDialog":{"screenX":"434","screenY":"130"},"detailsExpander":{"class":"expander-up"},"itemList":{"collapsed":"false"}},"chrome://webide/content/webide.xul":{"webide":{"screenX":"283","screenY":"67","width":"800","height":"600","sizemode":"normal"}},"chrome://browser/content/pageinfo/pageInfo.xul":{"main-window":{"screenX":"343","screenY":"38","width":"873","height":"610","sizemode":"normal"}},"chrome://browser/content/places/places.xul":{"placesContentTags":{"ordinal":"3"},"placesContentUrl":{"ordinal":"5"},"placesContentDate":{"ordinal":"7","sortDirection":"descending"},"placesContentVisitCount":{"ordinal":"9"},"placesContentDateAdded":{"ordinal":"11"},"placesContentLastModified":{"ordinal":"13"},"places":{"screenX":"237","screenY":"83","width":"872","height":"555","sizemode":"normal"},"place:type=6&sort=1":{"open":"true"},"place:parent=menu________":{"open":"true"},"place:type=6&sort=14&maxResults=10":{"open":"true"},"placesContentDescription":{"ordinal":"15"}}}