{"schema":5,"addons":[{"id":"langpack-ach@firefox.mozilla.org","icons":{"32":null,"64":null},"name":"Acholi (UG) Language Pack","type":"locale","version":"66.0buildid20190207161357","repositoryStatus":4,"creator":{"name":"Mozilla","url":"https://addons.mozilla.org/ru/firefox/user/4757633/?src=api"},"description":"Acholi (UG) Language Pack","fullDescription":null,"isPlatformCompatible":true,"eula":null,"averageRating":4,"learnmoreURL":"https://addons.mozilla.org/ru/firefox/addon/acholi-ug-language-pack/?src=api","homepageURL":"https://addons.mozilla.org/ru/firefox/addon/acholi-ug-language-pack/?src=api","sourceURI":"https://addons.mozilla.org/firefox/downloads/file/1675661/acholi_ug_language_pack-66.0buildid20190207161357-fx.xpi?src=api","size":441813,"developerComments":null,"reviewURL":"https://addons.mozilla.org/ru/firefox/addon/acholi-ug-language-pack/reviews/?src=api","reviewCount":20,"totalDownloads":18429,"weeklyDownloads":20,"dailyUsers":186532,"updateDate":1549576215000,"supportURL":null},{"id":"jid1-o2qEVrZ4t5FJWu@jetpack","icons":{"32":"https://addons.cdn.mozilla.net/user-media/addon_icons/603/603480-32.png?modified=e2fa6b86","64":"https://addons.cdn.mozilla.net/user-media/addon_icons/603/603480-64.png?modified=e2fa6b86"},"name":"Flash-HTML5 Player for YouTube™","type":"extension","version":"0.1.9","repositoryStatus":4,"creator":{"name":"Allen","url":"https://addons.mozilla.org/ru/firefox/user/11630876/?src=api"},"description":"Play YouTube™ Videos in Flash or HTML5 Player","fullDescription":"YouTube™ Flash-HTML allows you to play YouTube Videos in Flash or HTML5 player.\n\nImportant Features:\n1. Allows you to play YouTube in Flash or HTML5 player.\n2. Easily switch the player type from toolbar popup.\n3. Flash player consumes less resources (i.e. CPU and RAM) and offers more resolution choices comparing to HTML5 Player.\n4. HTML5 player is useful when Adobe Flash is disabled by your company or school. Note: to enable HTML5 player you need to activate HTML5 from: https://www.youtube.com/html5\n\nNote 1: To enable HTML5 player you need to activate HTML5 from: https://www.youtube.com/html5\n\nNote 2: In order to report Bugs, please visit Addon's Homepage and fill the Bug report form.","isPlatformCompatible":true,"eula":null,"screenshots":[{"url":"https://addons.cdn.mozilla.net/user-media/previews/full/192/192225.png?src=api&modified=1543520456","width":"700","height":"517","thumbnailURL":"https://addons.cdn.mozilla.net/user-media/previews/thumbs/192/192225.png?src=api&modified=1543520456","thumbnailWidth":"640","thumbnailHeight":"473"},{"url":"https://addons.cdn.mozilla.net/user-media/previews/full/156/156626.png?src=api&modified=1543520458","width":"628","height":"525","thumbnailURL":"https://addons.cdn.mozilla.net/user-media/previews/thumbs/156/156626.png?src=api&modified=1543520458","thumbnailWidth":"574","thumbnailHeight":"480","caption":"toolbar popup UI"},{"url":"https://addons.cdn.mozilla.net/user-media/previews/full/156/156628.png?src=api&modified=1543520459","width":"700","height":"473","thumbnailURL":"https://addons.cdn.mozilla.net/user-media/previews/thumbs/156/156628.png?src=api&modified=1543520459","thumbnailWidth":"640","thumbnailHeight":"432"},{"url":"https://addons.cdn.mozilla.net/user-media/previews/full/156/156630.png?src=api&modified=1543520461","width":"700","height":"473","thumbnailURL":"https://addons.cdn.mozilla.net/user-media/previews/thumbs/156/156630.png?src=api&modified=1543520461","thumbnailWidth":"640","thumbnailHeight":"432"}],"averageRating":4,"learnmoreURL":"https://addons.mozilla.org/ru/firefox/addon/youtube-flash-html5/?src=api","homepageURL":"http://mybrowseraddon.com/youtube-flash-html.html","sourceURI":"https://addons.mozilla.org/firefox/downloads/file/969624/flash_html5_player_for_youtubetm-0.1.9-an+fx.xpi?src=api","size":87701,"developerComments":null,"reviewURL":"https://addons.mozilla.org/ru/firefox/addon/youtube-flash-html5/reviews/?src=api","reviewCount":145,"totalDownloads":1412812,"weeklyDownloads":4264,"dailyUsers":43255,"updateDate":1535730789000,"supportURL":"http://mybrowseraddon.com/youtube-flash-html.html"},{"id":"chrome-gnome-shell@gnome.org","icons":{"32":"https://addons.cdn.mozilla.net/user-media/addon_icons/751/751081-32.png?modified=1521616823","64":"https://addons.cdn.mozilla.net/user-media/addon_icons/751/751081-64.png?modified=1521616823"},"name":"GNOME Shell integration","type":"extension","version":"10.1","repositoryStatus":4,"creator":{"name":"Yuri Konotopov","url":"https://addons.mozilla.org/ru/firefox/user/12725919/?src=api"},"description":"This extension provides integration with GNOME Shell and the corresponding extensions repository https://extensions.gnome.org","fullDescription":"Вы ДОЛЖНЫ установить нативный хост-коннектор для работы этого расширения веб-браузера.\n\nPKGBUILD для Arch Linux доступен в AUR: https://aur.archlinux.org/packages/chrome-gnome-shell-git\n\nДля Debian, Fedora, Gentoo и Ubuntu вы можете установить пакет «chrome-gnome-shell».\n\nВы также можете установить коннектор вручную. Инструкция по установке находится по адресу https://wiki.gnome.org/Projects/GnomeShellIntegrationForChrome/Installation/ru.","isPlatformCompatible":true,"eula":null,"screenshots":[{"url":"https://addons.cdn.mozilla.net/user-media/previews/full/183/183915.png?src=api&modified=1543520728","width":"700","height":"438","thumbnailURL":"https://addons.cdn.mozilla.net/user-media/previews/thumbs/183/183915.png?src=api&modified=1543520728","thumbnailWidth":"640","thumbnailHeight":"400"}],"averageRating":4,"learnmoreURL":"https://addons.mozilla.org/ru/firefox/addon/gnome-shell-integration/?src=api","homepageURL":"https://wiki.gnome.org/Projects/GnomeShellIntegrationForChrome","sourceURI":"https://addons.mozilla.org/firefox/downloads/file/898030/gnome_shell_integration-10.1-an+fx-linux.xpi?src=api","size":209003,"developerComments":null,"reviewURL":"https://addons.mozilla.org/ru/firefox/addon/gnome-shell-integration/reviews/?src=api","reviewCount":75,"totalDownloads":286462,"weeklyDownloads":2234,"dailyUsers":106604,"updateDate":1521613807000,"supportURL":"https://bugzilla.gnome.org"},{"id":"langpack-ru@firefox.mozilla.org","icons":{"32":null,"64":null},"name":"Russian (RU) Language Pack","type":"locale","version":"66.0buildid20190207161357","repositoryStatus":4,"creator":{"name":"Mozilla","url":"https://addons.mozilla.org/ru/firefox/user/4757633/?src=api"},"description":"Russian (RU) Language Pack","fullDescription":null,"isPlatformCompatible":true,"eula":null,"averageRating":4,"learnmoreURL":"https://addons.mozilla.org/ru/firefox/addon/russian-ru-language-pack/?src=api","homepageURL":"https://addons.mozilla.org/ru/firefox/addon/russian-ru-language-pack/?src=api","sourceURI":"https://addons.mozilla.org/firefox/downloads/file/1675639/russian_ru_language_pack-66.0buildid20190207161357-fx.xpi?src=api","size":536674,"developerComments":null,"reviewURL":"https://addons.mozilla.org/ru/firefox/addon/russian-ru-language-pack/reviews/?src=api","reviewCount":149,"totalDownloads":631616,"weeklyDownloads":1485,"dailyUsers":794692,"updateDate":1549575917000,"supportURL":null},{"id":"addon@darkreader.org","icons":{"32":"https://addons.cdn.mozilla.net/user-media/addon_icons/855/855413-32.png?modified=7a53288d","64":"https://addons.cdn.mozilla.net/user-media/addon_icons/855/855413-64.png?modified=7a53288d"},"name":"Dark Reader","type":"extension","version":"4.7.6","repositoryStatus":4,"creator":{"name":"Alexander Shutov","url":"https://addons.mozilla.org/ru/firefox/user/13299734/?src=api"},"description":"Тёмная тема для каждого сайта. Берегите зрение, используйте Дарк Ридер для ночного или ежедневного просмотра веб-страниц.","fullDescription":"Это расширение переводит браузер в ночной режим. Дарк Ридер заменяет светлый фон тёмным, что снижает усталость глаз при долгой работе за компьютером либо при просмотре веб-страниц ночью.\n\nИмеется возможность настраивать яркость, контрастность, шрифт, режим инверсии, режим наложения жёлтого фильтра (сепия).\n\nDark Reader не встраивает рекламу и не собирает пользовательские данные. Весь исходный код открыт https://github.com/darkreader/darkreader\n\nПеред установкой отключите подобные расширения. Приятного просмотра!","isPlatformCompatible":true,"eula":null,"screenshots":[{"url":"https://addons.cdn.mozilla.net/user-media/previews/full/201/201069.png?src=api&modified=1545252760","width":"2400","height":"1500","thumbnailURL":"https://addons.cdn.mozilla.net/user-media/previews/thumbs/201/201069.png?src=api&modified=1545252760","thumbnailWidth":"640","thumbnailHeight":"400","caption":"Dark Reader night theme mode"},{"url":"https://addons.cdn.mozilla.net/user-media/previews/full/201/201070.png?src=api&modified=1545252760","width":"2400","height":"1500","thumbnailURL":"https://addons.cdn.mozilla.net/user-media/previews/thumbs/201/201070.png?src=api&modified=1545252760","thumbnailWidth":"640","thumbnailHeight":"400","caption":"Dark Reader filter settings"}],"averageRating":5,"learnmoreURL":"https://addons.mozilla.org/ru/firefox/addon/darkreader/?src=api","homepageURL":"http://darkreader.org/","sourceURI":"https://addons.mozilla.org/firefox/downloads/file/1673856/dark_reader-4.7.6-an+fx.xpi?src=api","size":544052,"contributionURL":"https://opencollective.com/darkreader","contributionAmount":null,"developerComments":null,"reviewURL":"https://addons.mozilla.org/ru/firefox/addon/darkreader/reviews/?src=api","reviewCount":639,"totalDownloads":501722,"weeklyDownloads":62163,"dailyUsers":106687,"updateDate":1549458609000,"supportURL":"https://github.com/darkreader/darkreader"}]}