{"prefflip-push-performance-1491171":{"name":"prefflip-push-performance-1491171","branch":"enabled","expired":true,"lastSeen":"2019-01-29T04:42:03.421Z","preferenceName":"dom.push.alwaysConnect","preferenceValue":true,"preferenceType":"boolean","previousPreferenceValue":false,"preferenceBranchType":"default","experimentType":"exp"},"hotfix-disable-websockets-over-h2-65-1523978":{"name":"hotfix-disable-websockets-over-h2-65-1523978","branch":"disabled","expired":true,"lastSeen":"2019-02-01T00:55:35.459Z","preferenceName":"network.http.spdy.websockets","preferenceValue":false,"preferenceType":"boolean","previousPreferenceValue":null,"preferenceBranchType":"default","experimentType":"exp"}}