{"chrome://browser/content/browser.xul":{"main-window":{"sizemode":"normal","screenX":"157","screenY":"130","width":"1024","height":"514"},"toolbar-menubar":{"autohide":"false","currentset":"menubar-items"},"PersonalToolbar":{"collapsed":"false","currentset":"personal-bookmarks"},"sidebar-box":{"sidebarcommand":"viewBookmarksSidebar"},"sidebar-title":{"value":"Журнал"},"TabsToolbar":{"currentset":"tabbrowser-tabs,new-tab-button,alltabs-button"},"nav-bar":{"currentset":"back-button,forward-button,stop-reload-button,home-button,urlbar-container,search-container,history-panelmenu,downloads-button,library-button,sidebar-button,print-button,chrome-gnome-shell_gnome_org-browser-action,_27c3c9d8-95cd-44e6-ae9c-ff537348b9f3_-browser-action,_478a6f63-10b3-41e4-8216-ec5e7b3486fc_-browser-action,_802a5f9b-f6a9-4b02-9700-b30390c3279b_-browser-action,browsec_browsec_com-browser-action,_9ad45975-b597-4ab6-a4eb-3a791c924d68_-browser-action,jid1-o2qevrz4t5fjwu_jetpack-browser-action,addon_darkreader_org-browser-action"}},"chrome://browser/content/sanitize.xul":{"SanitizeDialog":{"screenX":"434","screenY":"170"},"detailsExpander":{"class":"expander-up"},"itemList":{"collapsed":"false"}},"chrome://mozapps/content/downloads/unknownContentType.xul":{"unknownContentType":{"screenX":"458","screenY":"194"}},"chrome://mozapps/content/handling/dialog.xul":{"handling":{"screenX":"503","screenY":"187","width":"360","height":"360"}},"chrome://browser/content/places/places.xul":{"placesContentTags":{"ordinal":"3"},"placesContentUrl":{"ordinal":"5"},"placesContentDate":{"ordinal":"7","sortDirection":"descending"},"placesContentVisitCount":{"ordinal":"9"},"placesContentDateAdded":{"ordinal":"11"},"placesContentLastModified":{"ordinal":"13"},"places":{"screenX":"36","screenY":"36","width":"700","height":"500","sizemode":"normal"},"placesContentDescription":{"ordinal":"15"}},"chrome://devtools/content/webconsole/browserconsole.xul":{"devtools-webconsole":{"screenX":"279","screenY":"96","width":"900","height":"350","sizemode":"normal"}},"about:config":{"prefCol":{"ordinal":"1"},"lockCol":{"ordinal":"3","sortDirection":"ascending"},"typeCol":{"ordinal":"5"},"valueCol":{"ordinal":"7"}},"chrome://devtools/content/scratchpad/index.xul":{"main-window":{"screenX":"184","screenY":"134","width":"871","height":"550","sizemode":"normal"}}}