{"chrome://browser/content/browser.xul":{"main-window":{"sizemode":"normal","screenX":"256","screenY":"94","width":"1024","height":"514"},"toolbar-menubar":{"autohide":"false","currentset":"menubar-items"},"PersonalToolbar":{"collapsed":"false","currentset":"personal-bookmarks"},"sidebar-box":{"sidebarcommand":"viewBookmarksSidebar","width":""},"sidebar-title":{"value":"Закладки"},"TabsToolbar":{"currentset":"tabbrowser-tabs,new-tab-button,alltabs-button"},"nav-bar":{"currentset":"back-button,forward-button,stop-reload-button,home-button,urlbar-container,search-container,webide-button,history-panelmenu,downloads-button,library-button,loop-button,sidebar-button,print-button,chrome-gnome-shell_gnome_org-browser-action,addon_darkreader_org-browser-action"}},"chrome://browser/content/sanitize.xul":{"SanitizeDialog":{"screenX":"263","screenY":"78"},"detailsExpander":{"class":"expander-up"},"itemList":{"collapsed":"false"}},"chrome://mozapps/content/downloads/unknownContentType.xul":{"unknownContentType":{"screenX":"458","screenY":"194"}},"chrome://mozapps/content/handling/dialog.xul":{"handling":{"screenX":"503","screenY":"187","width":"360","height":"360"}},"chrome://browser/content/places/places.xul":{"placesContentTags":{"ordinal":"3"},"placesContentUrl":{"ordinal":"5"},"placesContentDate":{"ordinal":"7","sortDirection":"descending"},"placesContentVisitCount":{"ordinal":"9"},"placesContentDateAdded":{"ordinal":"11"},"placesContentLastModified":{"ordinal":"13"},"places":{"screenX":"36","screenY":"36","width":"700","height":"500","sizemode":"normal"},"placesContentDescription":{"ordinal":"15"}},"chrome://devtools/content/webconsole/browserconsole.xul":{"devtools-webconsole":{"screenX":"279","screenY":"96","width":"900","height":"350","sizemode":"normal"}},"about:config":{"prefCol":{"ordinal":"1"},"lockCol":{"ordinal":"3","sortDirection":"ascending"},"typeCol":{"ordinal":"5"},"valueCol":{"ordinal":"7"}},"chrome://devtools/content/scratchpad/index.xul":{"main-window":{"screenX":"247","screenY":"92","width":"871","height":"550","sizemode":"normal"}},"chrome://webide/content/webide.xul":{"webide":{"screenX":"283","screenY":"67","width":"800","height":"600","sizemode":"normal"}},"chrome://browser/content/preferences/selectBookmark.xul":{"place:parent=toolbar_____":{"open":"true"},"place:parent=menu________":{"open":"true"},"place:parent=E0lzI3ysxChC":{"open":"true"},"place:parent=unfiled_____":{"open":"true"}},"chrome://browser/content/places/bookmarkProperties.xul":{"bookmarkproperties":{"screenX":"463","screenY":"163","width":"440"}}}